timestamp_iso,workspace_root,scope,file_path,reason
2026-03-17T19:05:47+09:00,\\prod-fs-gen01\WorkFile\04_在宅勤務\★グローバルビジネス推進部（在宅）\ランゲージサービス課\Dobson（在宅）\04. Projects\code\book_administrative-writing,user,C:\Users\d-dobson\.codex\AGENTS.md,startup
2026-03-17T19:05:47+09:00,\\prod-fs-gen01\WorkFile\04_在宅勤務\★グローバルビジネス推進部（在宅）\ランゲージサービス課\Dobson（在宅）\04. Projects\code\book_administrative-writing,user,C:\Users\d-dobson\.codex\memories\user-learning.md,startup
2026-03-17T19:05:47+09:00,\\prod-fs-gen01\WorkFile\04_在宅勤務\★グローバルビジネス推進部（在宅）\ランゲージサービス課\Dobson（在宅）\04. Projects\code\book_administrative-writing,project,\\prod-fs-gen01\WorkFile\04_在宅勤務\★グローバルビジネス推進部（在宅）\ランゲージサービス課\Dobson（在宅）\04. Projects\code\book_administrative-writing\AGENTS.md,startup
2026-03-17T19:05:47+09:00,\\prod-fs-gen01\WorkFile\04_在宅勤務\★グローバルビジネス推進部（在宅）\ランゲージサービス課\Dobson（在宅）\04. Projects\code\book_administrative-writing,project,\\prod-fs-gen01\WorkFile\04_在宅勤務\★グローバルビジネス推進部（在宅）\ランゲージサービス課\Dobson（在宅）\04. Projects\code\book_administrative-writing\user-learning-mirror.md,startup
2026-03-17T19:05:47+09:00,\\prod-fs-gen01\WorkFile\04_在宅勤務\★グローバルビジネス推進部（在宅）\ランゲージサービス課\Dobson（在宅）\04. Projects\code\book_administrative-writing,project,\\prod-fs-gen01\WorkFile\04_在宅勤務\★グローバルビジネス推進部（在宅）\ランゲージサービス課\Dobson（在宅）\04. Projects\code\book_administrative-writing\project-learning.md,startup
2026-03-17T19:05:47+09:00,\\prod-fs-gen01\WorkFile\04_在宅勤務\★グローバルビジネス推進部（在宅）\ランゲージサービス課\Dobson（在宅）\04. Projects\code\book_administrative-writing,project,\\prod-fs-gen01\WorkFile\04_在宅勤務\★グローバルビジネス推進部（在宅）\ランゲージサービス課\Dobson（在宅）\04. Projects\code\book_administrative-writing\project-journal.md,startup

2026-03-18T00:00:00+09:00,\\prod-fs-gen01\WorkFile\04_在宅勤務\★グローバルビジネス推進部（在宅）\ランゲージサービス課\Dobson（在宅）\04. Projects\code\book_administrative-writing,user,C:\Users\d-dobson\.codex\AGENTS.md,startup
2026-03-18T00:00:00+09:00,\\prod-fs-gen01\WorkFile\04_在宅勤務\★グローバルビジネス推進部（在宅）\ランゲージサービス課\Dobson（在宅）\04. Projects\code\book_administrative-writing,project,\\prod-fs-gen01\WorkFile\04_在宅勤務\★グローバルビジネス推進部（在宅）\ランゲージサービス課\Dobson（在宅）\04. Projects\code\book_administrative-writing\AGENTS.md,startup
2026-03-18T00:00:00+09:00,\\prod-fs-gen01\WorkFile\04_在宅勤務\★グローバルビジネス推進部（在宅）\ランゲージサービス課\Dobson（在宅）\04. Projects\code\book_administrative-writing,user,C:\Users\d-dobson\.codex\memories\user-learning.md,startup
2026-03-18T00:00:00+09:00,\\prod-fs-gen01\WorkFile\04_在宅勤務\★グローバルビジネス推進部（在宅）\ランゲージサービス課\Dobson（在宅）\04. Projects\code\book_administrative-writing,project,\\prod-fs-gen01\WorkFile\04_在宅勤務\★グローバルビジネス推進部（在宅）\ランゲージサービス課\Dobson（在宅）\04. Projects\code\book_administrative-writing\user-learning-mirror.md,startup
2026-03-18T00:00:00+09:00,\\prod-fs-gen01\WorkFile\04_在宅勤務\★グローバルビジネス推進部（在宅）\ランゲージサービス課\Dobson（在宅）\04. Projects\code\book_administrative-writing,project,\\prod-fs-gen01\WorkFile\04_在宅勤務\★グローバルビジネス推進部（在宅）\ランゲージサービス課\Dobson（在宅）\04. Projects\code\book_administrative-writing\project-learning.md,startup
2026-03-18T00:00:00+09:00,\\prod-fs-gen01\WorkFile\04_在宅勤務\★グローバルビジネス推進部（在宅）\ランゲージサービス課\Dobson（在宅）\04. Projects\code\book_administrative-writing,project,\\prod-fs-gen01\WorkFile\04_在宅勤務\★グローバルビジネス推進部（在宅）\ランゲージサービス課\Dobson（在宅）\04. Projects\code\book_administrative-writing\project-journal.md,startup
2026-03-22T16:20:53.9673313+09:00,C:\Dev\Code\book_administrative-writing,user,C:\Users\daved\.codex\AGENTS.md,startup
2026-03-22T16:20:53.9673313+09:00,C:\Dev\Code\book_administrative-writing,project,C:\Dev\Code\book_administrative-writing\AGENTS.md,startup
2026-03-22T16:20:53.9673313+09:00,C:\Dev\Code\book_administrative-writing,user,C:\Users\daved\.codex\memories\user-learning.md,startup
2026-03-22T16:20:53.9673313+09:00,C:\Dev\Code\book_administrative-writing,project,C:\Dev\Code\book_administrative-writing\user-learning-mirror.md,startup
2026-03-22T16:20:53.9673313+09:00,C:\Dev\Code\book_administrative-writing,project,C:\Dev\Code\book_administrative-writing\project-learning.md,startup
2026-03-22T16:20:53.9673313+09:00,C:\Dev\Code\book_administrative-writing,project,C:\Dev\Code\book_administrative-writing\project-journal.md,startup
2026-03-22T19:46:35.715390+09:00,c:\Dev\Code\book_administrative-writing,user,C:\Users\daved\.codex\AGENTS.md,startup read
2026-03-22T19:46:35.715390+09:00,c:\Dev\Code\book_administrative-writing,project,C:\Dev\Code\book_administrative-writing\AGENTS.md,startup read
2026-03-22T19:46:35.715390+09:00,c:\Dev\Code\book_administrative-writing,user,C:\Users\daved\.codex\memories\user-learning.md,startup read
2026-03-22T19:46:35.715390+09:00,c:\Dev\Code\book_administrative-writing,project,C:\Dev\Code\book_administrative-writing\user-learning-mirror.md,startup read
2026-03-22T19:46:35.715390+09:00,c:\Dev\Code\book_administrative-writing,project,C:\Dev\Code\book_administrative-writing\project-learning.md,startup read
2026-03-22T19:46:35.715390+09:00,c:\Dev\Code\book_administrative-writing,project,C:\Dev\Code\book_administrative-writing\project-journal.md,startup read recent entries
2026-03-23T10:43:54.0114595+09:00,\\prod-fs-gen01\WorkFile\04_在宅勤務\★グローバルビジネス推進部（在宅）\ランゲージサービス課\Dobson（在宅）\04. Projects\code\book_administrative-writing,user,C:\Users\d-dobson\.codex\AGENTS.md,startup read
2026-03-23T10:43:54.0114595+09:00,\\prod-fs-gen01\WorkFile\04_在宅勤務\★グローバルビジネス推進部（在宅）\ランゲージサービス課\Dobson（在宅）\04. Projects\code\book_administrative-writing,project,\\prod-fs-gen01\WorkFile\04_在宅勤務\★グローバルビジネス推進部（在宅）\ランゲージサービス課\Dobson（在宅）\04. Projects\code\book_administrative-writing\AGENTS.md,startup read
2026-03-23T10:43:54.0114595+09:00,\\prod-fs-gen01\WorkFile\04_在宅勤務\★グローバルビジネス推進部（在宅）\ランゲージサービス課\Dobson（在宅）\04. Projects\code\book_administrative-writing,user,C:\Users\d-dobson\.codex\memories\user-learning.md,startup read
2026-03-23T10:43:54.0114595+09:00,\\prod-fs-gen01\WorkFile\04_在宅勤務\★グローバルビジネス推進部（在宅）\ランゲージサービス課\Dobson（在宅）\04. Projects\code\book_administrative-writing,project,\\prod-fs-gen01\WorkFile\04_在宅勤務\★グローバルビジネス推進部（在宅）\ランゲージサービス課\Dobson（在宅）\04. Projects\code\book_administrative-writing\user-learning-mirror.md,startup read
2026-03-23T10:43:54.0114595+09:00,\\prod-fs-gen01\WorkFile\04_在宅勤務\★グローバルビジネス推進部（在宅）\ランゲージサービス課\Dobson（在宅）\04. Projects\code\book_administrative-writing,project,\\prod-fs-gen01\WorkFile\04_在宅勤務\★グローバルビジネス推進部（在宅）\ランゲージサービス課\Dobson（在宅）\04. Projects\code\book_administrative-writing\project-learning.md,startup read
2026-03-23T10:43:54.0114595+09:00,\\prod-fs-gen01\WorkFile\04_在宅勤務\★グローバルビジネス推進部（在宅）\ランゲージサービス課\Dobson（在宅）\04. Projects\code\book_administrative-writing,project,\\prod-fs-gen01\WorkFile\04_在宅勤務\★グローバルビジネス推進部（在宅）\ランゲージサービス課\Dobson（在宅）\04. Projects\code\book_administrative-writing\project-journal.md,startup read recent entries
2026-03-23T13:04:57.876945+09:00,\\prod-fs-gen01\WorkFile\04_在宅勤務\★グローバルビジネス推進部（在宅）\ランゲージサービス課\Dobson（在宅）\04. Projects\code\book_administrative-writing,user,C:\Users\d-dobson\.codex\AGENTS.md,startup read
2026-03-23T13:04:57.876945+09:00,\\prod-fs-gen01\WorkFile\04_在宅勤務\★グローバルビジネス推進部（在宅）\ランゲージサービス課\Dobson（在宅）\04. Projects\code\book_administrative-writing,project,\\prod-fs-gen01\WorkFile\04_在宅勤務\★グローバルビジネス推進部（在宅）\ランゲージサービス課\Dobson（在宅）\04. Projects\code\book_administrative-writing\AGENTS.md,startup read
2026-03-23T13:04:57.876945+09:00,\\prod-fs-gen01\WorkFile\04_在宅勤務\★グローバルビジネス推進部（在宅）\ランゲージサービス課\Dobson（在宅）\04. Projects\code\book_administrative-writing,user,C:\Users\d-dobson\.codex\memories\user-learning.md,startup read
2026-03-23T13:04:57.876945+09:00,\\prod-fs-gen01\WorkFile\04_在宅勤務\★グローバルビジネス推進部（在宅）\ランゲージサービス課\Dobson（在宅）\04. Projects\code\book_administrative-writing,project,\\prod-fs-gen01\WorkFile\04_在宅勤務\★グローバルビジネス推進部（在宅）\ランゲージサービス課\Dobson（在宅）\04. Projects\code\book_administrative-writing\user-learning-mirror.md,startup read
2026-03-23T13:04:57.876945+09:00,\\prod-fs-gen01\WorkFile\04_在宅勤務\★グローバルビジネス推進部（在宅）\ランゲージサービス課\Dobson（在宅）\04. Projects\code\book_administrative-writing,project,\\prod-fs-gen01\WorkFile\04_在宅勤務\★グローバルビジネス推進部（在宅）\ランゲージサービス課\Dobson（在宅）\04. Projects\code\book_administrative-writing\project-learning.md,startup read
2026-03-23T13:04:57.876945+09:00,\\prod-fs-gen01\WorkFile\04_在宅勤務\★グローバルビジネス推進部（在宅）\ランゲージサービス課\Dobson（在宅）\04. Projects\code\book_administrative-writing,project,\\prod-fs-gen01\WorkFile\04_在宅勤務\★グローバルビジネス推進部（在宅）\ランゲージサービス課\Dobson（在宅）\04. Projects\code\book_administrative-writing\project-journal.md,startup read
2026-03-26T14:26:03.9359153+09:00,Microsoft.PowerShell.Core\FileSystem::\\prod-fs-gen01\WorkFile\04_在宅勤務\★グローバルビジネス推進部（在宅）\ランゲージサービス課\Dobson（在宅）\04. Projects\code\book_administrative-writing,user,C:\Users\d-dobson\.codex\AGENTS.md,startup read
2026-03-26T14:26:03.9359153+09:00,Microsoft.PowerShell.Core\FileSystem::\\prod-fs-gen01\WorkFile\04_在宅勤務\★グローバルビジネス推進部（在宅）\ランゲージサービス課\Dobson（在宅）\04. Projects\code\book_administrative-writing,project,Microsoft.PowerShell.Core\FileSystem::\\prod-fs-gen01\WorkFile\04_在宅勤務\★グローバルビジネス推進部（在宅）\ランゲージサービス課\Dobson（在宅）\04. Projects\code\book_administrative-writing\AGENTS.md,startup read
2026-03-26T14:26:03.9359153+09:00,Microsoft.PowerShell.Core\FileSystem::\\prod-fs-gen01\WorkFile\04_在宅勤務\★グローバルビジネス推進部（在宅）\ランゲージサービス課\Dobson（在宅）\04. Projects\code\book_administrative-writing,user,C:\Users\d-dobson\.codex\memories\user-learning.md,startup read
2026-03-26T14:26:03.9359153+09:00,Microsoft.PowerShell.Core\FileSystem::\\prod-fs-gen01\WorkFile\04_在宅勤務\★グローバルビジネス推進部（在宅）\ランゲージサービス課\Dobson（在宅）\04. Projects\code\book_administrative-writing,project,Microsoft.PowerShell.Core\FileSystem::\\prod-fs-gen01\WorkFile\04_在宅勤務\★グローバルビジネス推進部（在宅）\ランゲージサービス課\Dobson（在宅）\04. Projects\code\book_administrative-writing\user-learning-mirror.md,startup read
2026-03-26T14:26:03.9359153+09:00,Microsoft.PowerShell.Core\FileSystem::\\prod-fs-gen01\WorkFile\04_在宅勤務\★グローバルビジネス推進部（在宅）\ランゲージサービス課\Dobson（在宅）\04. Projects\code\book_administrative-writing,project,Microsoft.PowerShell.Core\FileSystem::\\prod-fs-gen01\WorkFile\04_在宅勤務\★グローバルビジネス推進部（在宅）\ランゲージサービス課\Dobson（在宅）\04. Projects\code\book_administrative-writing\project-learning.md,startup read
2026-03-26T14:26:03.9359153+09:00,Microsoft.PowerShell.Core\FileSystem::\\prod-fs-gen01\WorkFile\04_在宅勤務\★グローバルビジネス推進部（在宅）\ランゲージサービス課\Dobson（在宅）\04. Projects\code\book_administrative-writing,project,Microsoft.PowerShell.Core\FileSystem::\\prod-fs-gen01\WorkFile\04_在宅勤務\★グローバルビジネス推進部（在宅）\ランゲージサービス課\Dobson（在宅）\04. Projects\code\book_administrative-writing\project-journal.md,startup read recent entries
"2026-03-31T11:47:39.2544475+09:00","Microsoft.PowerShell.Core\FileSystem::\\prod-fs-gen01\WorkFile\04_在宅勤務\★グローバルビジネス推進部（在宅）\ランゲージサービス課\Dobson（在宅）\04. Projects\code\book_administrative-writing","user","C:\Users\d-dobson\.codex\AGENTS.md","startup read"
"2026-03-31T11:47:39.2544475+09:00","Microsoft.PowerShell.Core\FileSystem::\\prod-fs-gen01\WorkFile\04_在宅勤務\★グローバルビジネス推進部（在宅）\ランゲージサービス課\Dobson（在宅）\04. Projects\code\book_administrative-writing","project","Microsoft.PowerShell.Core\FileSystem::\\prod-fs-gen01\WorkFile\04_在宅勤務\★グローバルビジネス推進部（在宅）\ランゲージサービス課\Dobson（在宅）\04. Projects\code\book_administrative-writing\AGENTS.md","startup read"
"2026-03-31T11:47:39.2544475+09:00","Microsoft.PowerShell.Core\FileSystem::\\prod-fs-gen01\WorkFile\04_在宅勤務\★グローバルビジネス推進部（在宅）\ランゲージサービス課\Dobson（在宅）\04. Projects\code\book_administrative-writing","user","C:\Users\d-dobson\.codex\memories\user-learning.md","startup read"
"2026-03-31T11:47:39.2544475+09:00","Microsoft.PowerShell.Core\FileSystem::\\prod-fs-gen01\WorkFile\04_在宅勤務\★グローバルビジネス推進部（在宅）\ランゲージサービス課\Dobson（在宅）\04. Projects\code\book_administrative-writing","project","Microsoft.PowerShell.Core\FileSystem::\\prod-fs-gen01\WorkFile\04_在宅勤務\★グローバルビジネス推進部（在宅）\ランゲージサービス課\Dobson（在宅）\04. Projects\code\book_administrative-writing\user-learning-mirror.md","startup read"
"2026-03-31T11:47:39.2544475+09:00","Microsoft.PowerShell.Core\FileSystem::\\prod-fs-gen01\WorkFile\04_在宅勤務\★グローバルビジネス推進部（在宅）\ランゲージサービス課\Dobson（在宅）\04. Projects\code\book_administrative-writing","project","Microsoft.PowerShell.Core\FileSystem::\\prod-fs-gen01\WorkFile\04_在宅勤務\★グローバルビジネス推進部（在宅）\ランゲージサービス課\Dobson（在宅）\04. Projects\code\book_administrative-writing\project-learning.md","startup read"
"2026-03-31T11:47:39.2544475+09:00","Microsoft.PowerShell.Core\FileSystem::\\prod-fs-gen01\WorkFile\04_在宅勤務\★グローバルビジネス推進部（在宅）\ランゲージサービス課\Dobson（在宅）\04. Projects\code\book_administrative-writing","project","Microsoft.PowerShell.Core\FileSystem::\\prod-fs-gen01\WorkFile\04_在宅勤務\★グローバルビジネス推進部（在宅）\ランゲージサービス課\Dobson（在宅）\04. Projects\code\book_administrative-writing\project-journal.md","startup read recent entries"
2026-04-01T09:35:33.6642791+09:00,Microsoft.PowerShell.Core\FileSystem::\\prod-fs-gen01\WorkFile\04_在宅勤務\★グローバルビジネス推進部（在宅）\ランゲージサービス課\Dobson（在宅）\04. Projects\code\book_administrative-writing,user,C:\Users\d-dobson\.codex\AGENTS.md,startup read
2026-04-01T09:35:33.6642791+09:00,Microsoft.PowerShell.Core\FileSystem::\\prod-fs-gen01\WorkFile\04_在宅勤務\★グローバルビジネス推進部（在宅）\ランゲージサービス課\Dobson（在宅）\04. Projects\code\book_administrative-writing,repo,Microsoft.PowerShell.Core\FileSystem::\\prod-fs-gen01\WorkFile\04_在宅勤務\★グローバルビジネス推進部（在宅）\ランゲージサービス課\Dobson（在宅）\04. Projects\code\book_administrative-writing\AGENTS.md,startup read
2026-04-01T09:35:33.6642791+09:00,Microsoft.PowerShell.Core\FileSystem::\\prod-fs-gen01\WorkFile\04_在宅勤務\★グローバルビジネス推進部（在宅）\ランゲージサービス課\Dobson（在宅）\04. Projects\code\book_administrative-writing,user,C:\Users\d-dobson\.codex\memories\user-learning.md,startup read
2026-04-01T09:35:33.6642791+09:00,Microsoft.PowerShell.Core\FileSystem::\\prod-fs-gen01\WorkFile\04_在宅勤務\★グローバルビジネス推進部（在宅）\ランゲージサービス課\Dobson（在宅）\04. Projects\code\book_administrative-writing,repo,Microsoft.PowerShell.Core\FileSystem::\\prod-fs-gen01\WorkFile\04_在宅勤務\★グローバルビジネス推進部（在宅）\ランゲージサービス課\Dobson（在宅）\04. Projects\code\book_administrative-writing\user-learning-mirror.md,startup read
2026-04-01T09:35:33.6642791+09:00,Microsoft.PowerShell.Core\FileSystem::\\prod-fs-gen01\WorkFile\04_在宅勤務\★グローバルビジネス推進部（在宅）\ランゲージサービス課\Dobson（在宅）\04. Projects\code\book_administrative-writing,repo,Microsoft.PowerShell.Core\FileSystem::\\prod-fs-gen01\WorkFile\04_在宅勤務\★グローバルビジネス推進部（在宅）\ランゲージサービス課\Dobson（在宅）\04. Projects\code\book_administrative-writing\project-learning.md,startup read
2026-04-01T09:35:33.6642791+09:00,Microsoft.PowerShell.Core\FileSystem::\\prod-fs-gen01\WorkFile\04_在宅勤務\★グローバルビジネス推進部（在宅）\ランゲージサービス課\Dobson（在宅）\04. Projects\code\book_administrative-writing,repo,Microsoft.PowerShell.Core\FileSystem::\\prod-fs-gen01\WorkFile\04_在宅勤務\★グローバルビジネス推進部（在宅）\ランゲージサービス課\Dobson（在宅）\04. Projects\code\book_administrative-writing\project-journal.md,startup read
2026-04-23T22:45:54.5799102+09:00,"C:\Dev\Code\book_administrative-writing",user,"C:\Users\daved\.codex\AGENTS.md",startup-read
2026-04-23T22:45:54.5799102+09:00,"C:\Dev\Code\book_administrative-writing",project,"C:\Dev\Code\book_administrative-writing\AGENTS.md",startup-read
2026-04-23T22:45:54.5799102+09:00,"C:\Dev\Code\book_administrative-writing",user,"C:\Users\daved\.codex\memories\user-learning.md",startup-read
2026-04-23T22:45:54.5799102+09:00,"C:\Dev\Code\book_administrative-writing",project,"C:\Dev\Code\book_administrative-writing\user-learning-mirror.md",startup-read
2026-04-23T22:45:54.5799102+09:00,"C:\Dev\Code\book_administrative-writing",project,"C:\Dev\Code\book_administrative-writing\project-learning.md",startup-read
2026-04-23T22:45:54.5799102+09:00,"C:\Dev\Code\book_administrative-writing",project,"C:\Dev\Code\book_administrative-writing\project-journal.md",startup-read
2026-05-10T10:59:30+09:00,"C:\Dev\Code\book_administrative-writing",user,"C:\Users\daved\.codex\AGENTS.md",startup-read
2026-05-10T10:59:30+09:00,"C:\Dev\Code\book_administrative-writing",project,"C:\Dev\Code\book_administrative-writing\AGENTS.md",startup-read
2026-05-10T10:59:30+09:00,"C:\Dev\Code\book_administrative-writing",user,"C:\Users\daved\.codex\memories\user-learning.md",startup-read
2026-05-10T10:59:30+09:00,"C:\Dev\Code\book_administrative-writing",project,"C:\Dev\Code\book_administrative-writing\user-learning-mirror.md",startup-read
2026-05-10T10:59:30+09:00,"C:\Dev\Code\book_administrative-writing",project,"C:\Dev\Code\book_administrative-writing\project-learning.md",startup-read
2026-05-10T10:59:30+09:00,"C:\Dev\Code\book_administrative-writing",project,"C:\Dev\Code\book_administrative-writing\project-journal.md",startup-read
"2026-05-12T10:47:35.7249640+09:00","C:\Dev\Code\book_administrative-writing","user-level","C:\Users\daved\.codex\AGENTS.md","startup-read"
"2026-05-12T10:47:35.7249640+09:00","C:\Dev\Code\book_administrative-writing","repo-level","C:\Dev\Code\book_administrative-writing\AGENTS.md","startup-read"
"2026-05-12T10:47:35.7249640+09:00","C:\Dev\Code\book_administrative-writing","user-level","C:\Users\daved\.codex\memories\user-learning.md","startup-read"
"2026-05-12T10:47:35.7249640+09:00","C:\Dev\Code\book_administrative-writing","repo-level","C:\Dev\Code\book_administrative-writing\user-learning-mirror.md","startup-read"
"2026-05-12T10:47:35.7249640+09:00","C:\Dev\Code\book_administrative-writing","repo-level","C:\Dev\Code\book_administrative-writing\project-learning.md","startup-read"
"2026-05-12T10:47:35.7249640+09:00","C:\Dev\Code\book_administrative-writing","repo-level","C:\Dev\Code\book_administrative-writing\project-journal.md","startup-read"
"2026-05-14T10:53:52+09:00","//prod-fs-gen01/workfile/04_在宅勤務/★グローバルビジネス推進部（在宅）/ランゲージサービス課/Dobson（在宅）/04. Projects/code/book_administrative-writing","user","C:\Users\d-dobson\.codex\AGENTS.md","startup read"
"2026-05-14T10:53:52+09:00","//prod-fs-gen01/workfile/04_在宅勤務/★グローバルビジネス推進部（在宅）/ランゲージサービス課/Dobson（在宅）/04. Projects/code/book_administrative-writing","project","//prod-fs-gen01/workfile/04_在宅勤務/★グローバルビジネス推進部（在宅）/ランゲージサービス課/Dobson（在宅）/04. Projects/code/book_administrative-writing\AGENTS.md","startup read"
"2026-05-14T10:53:52+09:00","//prod-fs-gen01/workfile/04_在宅勤務/★グローバルビジネス推進部（在宅）/ランゲージサービス課/Dobson（在宅）/04. Projects/code/book_administrative-writing","user","C:\Users\d-dobson\.codex\memories\user-learning.md","startup read"
"2026-05-14T10:53:52+09:00","//prod-fs-gen01/workfile/04_在宅勤務/★グローバルビジネス推進部（在宅）/ランゲージサービス課/Dobson（在宅）/04. Projects/code/book_administrative-writing","project","//prod-fs-gen01/workfile/04_在宅勤務/★グローバルビジネス推進部（在宅）/ランゲージサービス課/Dobson（在宅）/04. Projects/code/book_administrative-writing\user-learning-mirror.md","startup read"
"2026-05-14T10:53:52+09:00","//prod-fs-gen01/workfile/04_在宅勤務/★グローバルビジネス推進部（在宅）/ランゲージサービス課/Dobson（在宅）/04. Projects/code/book_administrative-writing","project","//prod-fs-gen01/workfile/04_在宅勤務/★グローバルビジネス推進部（在宅）/ランゲージサービス課/Dobson（在宅）/04. Projects/code/book_administrative-writing\project-learning.md","startup read"
"2026-05-14T10:53:52+09:00","//prod-fs-gen01/workfile/04_在宅勤務/★グローバルビジネス推進部（在宅）/ランゲージサービス課/Dobson（在宅）/04. Projects/code/book_administrative-writing","project","//prod-fs-gen01/workfile/04_在宅勤務/★グローバルビジネス推進部（在宅）/ランゲージサービス課/Dobson（在宅）/04. Projects/code/book_administrative-writing\project-journal.md","startup read recent entries"
2026-05-19T00:44:31+09:00,C:\Dev\Code\book_administrative-writing,user,C:\Users\daved\.codex\AGENTS.md,startup
2026-05-19T00:44:31+09:00,C:\Dev\Code\book_administrative-writing,project,C:\Dev\Code\book_administrative-writing\AGENTS.md,startup
2026-05-19T00:44:31+09:00,C:\Dev\Code\book_administrative-writing,user,C:\Users\daved\.codex\memories\user-learning.md,startup
2026-05-19T00:44:31+09:00,C:\Dev\Code\book_administrative-writing,project,C:\Dev\Code\book_administrative-writing\user-learning-mirror.md,startup
2026-05-19T00:44:31+09:00,C:\Dev\Code\book_administrative-writing,project,C:\Dev\Code\book_administrative-writing\project-learning.md,startup
2026-05-19T00:44:31+09:00,C:\Dev\Code\book_administrative-writing,project,C:\Dev\Code\book_administrative-writing\project-journal.md,startup
2026-05-21T12:19:38.7157891+09:00,\\prod-fs-gen01\WorkFile\04_在宅勤務\★グローバルビジネス推進部（在宅）\ランゲージサービス課\Dobson（在宅）\04. Projects\code\book_administrative-writing,user,C:\Users\d-dobson\.codex\AGENTS.md,startup
2026-05-21T12:19:38.7157891+09:00,\\prod-fs-gen01\WorkFile\04_在宅勤務\★グローバルビジネス推進部（在宅）\ランゲージサービス課\Dobson（在宅）\04. Projects\code\book_administrative-writing,project,\\prod-fs-gen01\WorkFile\04_在宅勤務\★グローバルビジネス推進部（在宅）\ランゲージサービス課\Dobson（在宅）\04. Projects\code\book_administrative-writing\AGENTS.md,startup
2026-05-21T12:19:38.7157891+09:00,\\prod-fs-gen01\WorkFile\04_在宅勤務\★グローバルビジネス推進部（在宅）\ランゲージサービス課\Dobson（在宅）\04. Projects\code\book_administrative-writing,user,C:\Users\d-dobson\.codex\memories\user-learning.md,startup
2026-05-21T12:19:38.7157891+09:00,\\prod-fs-gen01\WorkFile\04_在宅勤務\★グローバルビジネス推進部（在宅）\ランゲージサービス課\Dobson（在宅）\04. Projects\code\book_administrative-writing,project,\\prod-fs-gen01\WorkFile\04_在宅勤務\★グローバルビジネス推進部（在宅）\ランゲージサービス課\Dobson（在宅）\04. Projects\code\book_administrative-writing\user-learning-mirror.md,startup
2026-05-21T12:19:38.7157891+09:00,\\prod-fs-gen01\WorkFile\04_在宅勤務\★グローバルビジネス推進部（在宅）\ランゲージサービス課\Dobson（在宅）\04. Projects\code\book_administrative-writing,project,\\prod-fs-gen01\WorkFile\04_在宅勤務\★グローバルビジネス推進部（在宅）\ランゲージサービス課\Dobson（在宅）\04. Projects\code\book_administrative-writing\project-learning.md,startup
2026-05-21T12:19:38.7157891+09:00,\\prod-fs-gen01\WorkFile\04_在宅勤務\★グローバルビジネス推進部（在宅）\ランゲージサービス課\Dobson（在宅）\04. Projects\code\book_administrative-writing,project,\\prod-fs-gen01\WorkFile\04_在宅勤務\★グローバルビジネス推進部（在宅）\ランゲージサービス課\Dobson（在宅）\04. Projects\code\book_administrative-writing\project-journal.md,startup
"2026-05-29T10:01:36.0444012+09:00","\\prod-fs-gen01\WorkFile\04_在宅勤務\★グローバルビジネス推進部（在宅）\ランゲージサービス課\Dobson（在宅）\04. Projects\code\book_administrative-writing","user","C:\Users\d-dobson\.codex\AGENTS.md","startup read: user-level bootstrap instructions"
"2026-05-29T10:01:36.0444012+09:00","\\prod-fs-gen01\WorkFile\04_在宅勤務\★グローバルビジネス推進部（在宅）\ランゲージサービス課\Dobson（在宅）\04. Projects\code\book_administrative-writing","repo","\\prod-fs-gen01\WorkFile\04_在宅勤務\★グローバルビジネス推進部（在宅）\ランゲージサービス課\Dobson（在宅）\04. Projects\code\book_administrative-writing\AGENTS.md","startup read: repo bootstrap instructions"
"2026-05-29T10:01:36.0444012+09:00","\\prod-fs-gen01\WorkFile\04_在宅勤務\★グローバルビジネス推進部（在宅）\ランゲージサービス課\Dobson（在宅）\04. Projects\code\book_administrative-writing","user","C:\Users\d-dobson\.codex\memories\user-learning.md","startup read: canonical user memory"
"2026-05-29T10:01:36.0444012+09:00","\\prod-fs-gen01\WorkFile\04_在宅勤務\★グローバルビジネス推進部（在宅）\ランゲージサービス課\Dobson（在宅）\04. Projects\code\book_administrative-writing","repo","\\prod-fs-gen01\WorkFile\04_在宅勤務\★グローバルビジネス推進部（在宅）\ランゲージサービス課\Dobson（在宅）\04. Projects\code\book_administrative-writing\user-learning-mirror.md","startup read: repo user mirror"
"2026-05-29T10:01:36.0444012+09:00","\\prod-fs-gen01\WorkFile\04_在宅勤務\★グローバルビジネス推進部（在宅）\ランゲージサービス課\Dobson（在宅）\04. Projects\code\book_administrative-writing","repo","\\prod-fs-gen01\WorkFile\04_在宅勤務\★グローバルビジネス推進部（在宅）\ランゲージサービス課\Dobson（在宅）\04. Projects\code\book_administrative-writing\project-learning.md","startup read: repo project memory"
"2026-05-29T10:01:36.0444012+09:00","\\prod-fs-gen01\WorkFile\04_在宅勤務\★グローバルビジネス推進部（在宅）\ランゲージサービス課\Dobson（在宅）\04. Projects\code\book_administrative-writing","repo","\\prod-fs-gen01\WorkFile\04_在宅勤務\★グローバルビジネス推進部（在宅）\ランゲージサービス課\Dobson（在宅）\04. Projects\code\book_administrative-writing\project-journal.md","startup read: repo recent journal"
2026-05-30T23:51:27.277873+00:00,/workspace/book_administrative-writing,user,/root/.codex/AGENTS.md,startup bootstrap copy/read
2026-05-30T23:51:27.277996+00:00,/workspace/book_administrative-writing,project,/workspace/book_administrative-writing/AGENTS.md,startup instruction read
2026-05-30T23:51:27.278010+00:00,/workspace/book_administrative-writing,user,/root/.codex/memories/user-learning.md,startup memory copy/read
2026-05-30T23:51:27.278017+00:00,/workspace/book_administrative-writing,project,/workspace/book_administrative-writing/user-learning-mirror.md,startup project memory read
2026-05-30T23:51:27.278024+00:00,/workspace/book_administrative-writing,project,/workspace/book_administrative-writing/project-learning.md,startup project memory read
2026-05-30T23:51:27.278031+00:00,/workspace/book_administrative-writing,project,/workspace/book_administrative-writing/project-journal.md,startup recent journal read
2026-05-31T06:40:34.709955+00:00,/workspace/book_administrative-writing,project,AGENTS.md,startup instruction read
2026-05-31T06:40:34.709955+00:00,/workspace/book_administrative-writing,project,user-learning-mirror.md,startup memory read
2026-05-31T06:40:34.709955+00:00,/workspace/book_administrative-writing,project,project-learning.md,startup project memory read
2026-05-31T06:40:34.709955+00:00,/workspace/book_administrative-writing,project,project-journal.md,startup project journal read
2026-05-31T09:18:04.092146+00:00,/workspace/book_administrative-writing,project,AGENTS.md,startup instruction read
2026-05-31T09:18:04.092146+00:00,/workspace/book_administrative-writing,project,project-learning.md,startup project memory read
2026-05-31T09:18:04.092146+00:00,/workspace/book_administrative-writing,project,project-journal.md,startup project journal read
2026-05-31T09:34:39.108552+00:00,/workspace/book_administrative-writing,project,AGENTS.md,startup instruction read
2026-05-31T09:34:39.108552+00:00,/workspace/book_administrative-writing,project,project-learning.md,startup project memory read
2026-05-31T09:34:39.108552+00:00,/workspace/book_administrative-writing,project,project-journal.md,startup project journal read
2026-05-31T19:30:31.7310669+09:00,C:\Dev\Code\book_administrative-writing,repo-agents,C:\Dev\Code\book_administrative-writing\AGENTS.md,PDF inspection context read
2026-05-31T19:30:31.7310669+09:00,C:\Dev\Code\book_administrative-writing,repo-memory,C:\Dev\Code\book_administrative-writing\project-learning.md,PDF inspection context read
2026-05-31T19:30:31.7310669+09:00,C:\Dev\Code\book_administrative-writing,repo-memory,C:\Dev\Code\book_administrative-writing\project-journal.md,PDF inspection context read
"2026-06-01T16:17:36.8094119+09:00","\\prod-fs-gen01\WorkFile\04_在宅勤務\★グローバルビジネス推進部（在宅）\ランゲージサービス課\Dobson（在宅）\04. Projects\code\book_administrative-writing","user","C:\Users\d-dobson\.codex\AGENTS.md","startup instruction read project,\\prod-fs-gen01\WorkFile\04_在宅勤務\★グローバルビジネス推進部（在宅）\ランゲージサービス課\Dobson（在宅）\04. Projects\code\book_administrative-writing\AGENTS.md,startup instruction read user,C:\Users\d-dobson\.codex\memories\user-learning.md,startup memory read project,\\prod-fs-gen01\WorkFile\04_在宅勤務\★グローバルビジネス推進部（在宅）\ランゲージサービス課\Dobson（在宅）\04. Projects\code\book_administrative-writing\user-learning-mirror.md,startup memory read project,\\prod-fs-gen01\WorkFile\04_在宅勤務\★グローバルビジネス推進部（在宅）\ランゲージサービス課\Dobson（在宅）\04. Projects\code\book_administrative-writing\project-learning.md,startup memory read project,\\prod-fs-gen01\WorkFile\04_在宅勤務\★グローバルビジネス推進部（在宅）\ランゲージサービス課\Dobson（在宅）\04. Projects\code\book_administrative-writing\project-journal.md,startup memory read"
"2026-06-02T00:00:00+09:00","c:\Dev\Code\book_administrative-writing",user,C:\Users\daved\.codex\AGENTS.md,startup read
"2026-06-02T00:00:00+09:00","c:\Dev\Code\book_administrative-writing",repo,c:\Dev\Code\book_administrative-writing\AGENTS.md,startup read
"2026-06-02T00:00:00+09:00","c:\Dev\Code\book_administrative-writing",repo,c:\Dev\Code\book_administrative-writing\user-learning-mirror.md,startup read
"2026-06-02T00:00:00+09:00","c:\Dev\Code\book_administrative-writing",repo,c:\Dev\Code\book_administrative-writing\project-learning.md,startup read
"2026-06-02T00:00:00+09:00","c:\Dev\Code\book_administrative-writing",repo,c:\Dev\Code\book_administrative-writing\project-journal.md,startup read
"2026-06-02T00:00:00+09:00","c:\Dev\Code\book_administrative-writing",repo,c:\Dev\Code\book_administrative-writing\int\edits & guides\full-review\aw-int_print_readiness_repair_plan_0530.md,task read
"2026-06-02T00:00:00+09:00","c:\Dev\Code\book_administrative-writing",repo,c:\Dev\Code\book_administrative-writing\int\md\working\aw-int-all_0519.md,task read
