unit,title,line,type,id,rows,has_rows,duplicate_id_count,context,raw
1,Clear Sentence Structure,159,PH-1,U01-lang1-build-sentences,5,True,1,,{{PH-1: U01-lang1-build-sentences | rows=5}}
1,Clear Sentence Structure,197,PH-1,U01-C-simplify-1,2,True,1,::: rewrite,{{PH-1: U01-C-simplify-1 | rows=2}}
1,Clear Sentence Structure,201,PH-1,U01-C-simplify-2,2,True,1,,{{PH-1: U01-C-simplify-2 | rows=2}}
1,Clear Sentence Structure,205,PH-1,U01-C-simplify-3,2,True,1,,{{PH-1: U01-C-simplify-3 | rows=2}}
1,Clear Sentence Structure,209,PH-1,U01-C-simplify-4,2,True,1,,{{PH-1: U01-C-simplify-4 | rows=2}}
1,Clear Sentence Structure,222,PH-1,U01-D-rewrite-1,2,True,1,::: rewrite,{{PH-1: U01-D-rewrite-1 | rows=2}}
1,Clear Sentence Structure,226,PH-1,U01-D-rewrite-2,2,True,1,,{{PH-1: U01-D-rewrite-2 | rows=2}}
1,Clear Sentence Structure,230,PH-1,U01-D-rewrite-3,2,True,1,,{{PH-1: U01-D-rewrite-3 | rows=2}}
1,Clear Sentence Structure,234,PH-1,U01-D-rewrite-4,2,True,1,,{{PH-1: U01-D-rewrite-4 | rows=2}}
1,Clear Sentence Structure,252,PH-3,U01-freer-document,8,True,1,,{{PH-3: U01-freer-document | rows=8}}
1,Clear Sentence Structure,264,PH-1,U01-G-rewrite-1,2,True,1,::: edit,{{PH-1: U01-G-rewrite-1 | rows=2}}
1,Clear Sentence Structure,268,PH-1,U01-G-rewrite-2,2,True,1,,{{PH-1: U01-G-rewrite-2 | rows=2}}
1,Clear Sentence Structure,272,PH-1,U01-G-rewrite-3,2,True,1,,{{PH-1: U01-G-rewrite-3 | rows=2}}
1,Clear Sentence Structure,276,PH-1,U01-G-rewrite-4,2,True,1,,{{PH-1: U01-G-rewrite-4 | rows=2}}
1,Clear Sentence Structure,302,PH-1,U01-reflection,4,True,1,,{{PH-1: U01-reflection | rows=4}}
1,Clear Sentence Structure,323,PH-1,U01-transfer-two-sentences,2,True,1,,{{PH-1: U01-transfer-two-sentences | rows=2}}
1,Clear Sentence Structure,327,PH-3,U01-transfer-response,6,True,1,,{{PH-3: U01-transfer-response | rows=6}}
1,Clear Sentence Structure,337,PH-3,U01-homework-document,8,True,1,::: write,{{PH-3: U01-homework-document | rows=8}}
2,Professional Tone Basics,430,PH-1,U02-C-rewrite-1,2,True,1,::: rewrite,{{PH-1: U02-C-rewrite-1 | rows=2}}
2,Professional Tone Basics,434,PH-1,U02-C-rewrite-2,2,True,1,,{{PH-1: U02-C-rewrite-2 | rows=2}}
2,Professional Tone Basics,438,PH-1,U02-C-rewrite-3,2,True,1,,{{PH-1: U02-C-rewrite-3 | rows=2}}
2,Professional Tone Basics,442,PH-1,U02-C-rewrite-4,2,True,1,,{{PH-1: U02-C-rewrite-4 | rows=2}}
2,Professional Tone Basics,449,PH-1,U02-lang1-polite-request,2,True,1,,{{PH-1: U02-lang1-polite-request | rows=2}}
2,Professional Tone Basics,489,PH-1,U02-C-rewrite-5,2,True,1,::: rewrite,{{PH-1: U02-C-rewrite-5 | rows=2}}
2,Professional Tone Basics,493,PH-1,U02-C-rewrite-6,2,True,1,,{{PH-1: U02-C-rewrite-6 | rows=2}}
2,Professional Tone Basics,497,PH-1,U02-C-rewrite-7,2,True,1,,{{PH-1: U02-C-rewrite-7 | rows=2}}
2,Professional Tone Basics,501,PH-1,U02-C-rewrite-8,2,True,1,,{{PH-1: U02-C-rewrite-8 | rows=2}}
2,Professional Tone Basics,508,PH-1,U02-lang2-tone,2,True,1,,{{PH-1: U02-lang2-tone | rows=2}}
2,Professional Tone Basics,568,PH-3,U02-guided-document,10,True,1,,{{PH-3: U02-guided-document | rows=10}}
2,Professional Tone Basics,610,PH-3,U02-freer-document,10,True,1,,{{PH-3: U02-freer-document | rows=10}}
2,Professional Tone Basics,621,PH-1,U02-G-rewrite-1,2,True,1,::: edit,{{PH-1: U02-G-rewrite-1 | rows=2}}
2,Professional Tone Basics,625,PH-1,U02-G-rewrite-2,2,True,1,,{{PH-1: U02-G-rewrite-2 | rows=2}}
2,Professional Tone Basics,629,PH-1,U02-G-rewrite-3,2,True,1,,{{PH-1: U02-G-rewrite-3 | rows=2}}
2,Professional Tone Basics,633,PH-1,U02-G-rewrite-4,2,True,1,,{{PH-1: U02-G-rewrite-4 | rows=2}}
2,Professional Tone Basics,642,PH-2,U02-editing-rewrite,2,True,1,,{{PH-2: U02-editing-rewrite | rows=2}}
2,Professional Tone Basics,670,PH-1,U02-transfer-response,4,True,1,,{{PH-1: U02-transfer-response | rows=4}}
2,Professional Tone Basics,710,PH-3,U02-homework-document,8,True,1,,{{PH-3: U02-homework-document | rows=8}}
3,Paragraph Structure,921,PH-1,U03-C-rewrite-1,2,True,1,,{{PH-1: U03-C-rewrite-1 | rows=2}}
3,Paragraph Structure,923,PH-1,U03-C-rewrite-2,2,True,1,,{{PH-1: U03-C-rewrite-2 | rows=2}}
3,Paragraph Structure,930,PH-1,U03-practice-b-reorder,6,True,1,,{{PH-1: U03-practice-b-reorder | rows=6}}
3,Paragraph Structure,958,PH-3,U03-guided-document,10,True,1,,{{PH-3: U03-guided-document | rows=10}}
3,Paragraph Structure,994,PH-2,U03-freer-paragraph,8,True,1,,{{PH-2: U03-freer-paragraph | rows=8}}
3,Paragraph Structure,1018,PH-2,U03-editing-rewrite,2,True,1,,{{PH-2: U03-editing-rewrite | rows=2}}
3,Paragraph Structure,1041,PH-2,U03-transfer-response,4,True,1,,{{PH-2: U03-transfer-response | rows=4}}
3,Paragraph Structure,1079,PH-2,U03-homework-paragraph,8,True,1,,{{PH-2: U03-homework-paragraph | rows=8}}
3,Paragraph Structure,1158,PH-2,M1-transfer-task,4,True,1,,{{PH-2: M1-transfer-task | rows=4}}
3,Paragraph Structure,1202,PH-2,M1-revision-lab,6,True,1,,{{PH-2: M1-revision-lab | rows=6}}
4,Email Layout and Standard Phrases,1413,PH-1,U04-C-rewrite-1,2,True,1,::: rewrite,{{PH-1: U04-C-rewrite-1 | rows=2}}
4,Email Layout and Standard Phrases,1417,PH-1,U04-C-rewrite-2,2,True,1,,{{PH-1: U04-C-rewrite-2 | rows=2}}
4,Email Layout and Standard Phrases,1421,PH-1,U04-C-rewrite-3,2,True,1,,{{PH-1: U04-C-rewrite-3 | rows=2}}
4,Email Layout and Standard Phrases,1425,PH-1,U04-C-rewrite-4,2,True,1,,{{PH-1: U04-C-rewrite-4 | rows=2}}
4,Email Layout and Standard Phrases,1438,PH-1,U04-lang1-subject-lines,2,True,1,,{{PH-1: U04-lang1-subject-lines | rows=2}}
4,Email Layout and Standard Phrases,1478,PH-1,U04-lang2-openings-closings,2,True,1,,{{PH-1: U04-lang2-openings-closings | rows=2}}
4,Email Layout and Standard Phrases,1514,PH-1,U04-C-rewrite-5,2,True,1,::: write,{{PH-1: U04-C-rewrite-5 | rows=2}}
4,Email Layout and Standard Phrases,1518,PH-1,U04-C-rewrite-6,2,True,1,,{{PH-1: U04-C-rewrite-6 | rows=2}}
4,Email Layout and Standard Phrases,1522,PH-1,U04-C-rewrite-7,2,True,1,,{{PH-1: U04-C-rewrite-7 | rows=2}}
4,Email Layout and Standard Phrases,1529,PH-1,U04-lang3-opening-sentences,2,True,1,,{{PH-1: U04-lang3-opening-sentences | rows=2}}
4,Email Layout and Standard Phrases,1555,PH-3,U04-guided-document,10,True,1,,{{PH-3: U04-guided-document | rows=10}}
4,Email Layout and Standard Phrases,1601,PH-3,U04-freer-document,10,True,1,,{{PH-3: U04-freer-document | rows=10}}
4,Email Layout and Standard Phrases,1631,PH-2,U04-editing-rewrite,2,True,1,,{{PH-2: U04-editing-rewrite | rows=2}}
4,Email Layout and Standard Phrases,1657,PH-1,U04-transfer-response,4,True,1,,{{PH-1: U04-transfer-response | rows=4}}
4,Email Layout and Standard Phrases,1685,PH-3,U04-homework-document,8,True,1,,{{PH-3: U04-homework-document | rows=8}}
5,Requesting Clarification,1798,PH-1,U05-C-rewrite-1,2,True,1,,{{PH-1: U05-C-rewrite-1 | rows=2}}
5,Requesting Clarification,1802,PH-1,U05-C-rewrite-2,2,True,1,,{{PH-1: U05-C-rewrite-2 | rows=2}}
5,Requesting Clarification,1806,PH-1,U05-C-rewrite-3,2,True,1,,{{PH-1: U05-C-rewrite-3 | rows=2}}
5,Requesting Clarification,1810,PH-1,U05-C-rewrite-4,2,True,1,,{{PH-1: U05-C-rewrite-4 | rows=2}}
5,Requesting Clarification,1817,PH-1,U05-practice-a-questions,6,True,1,,{{PH-1: U05-practice-a-questions | rows=6}}
5,Requesting Clarification,1856,PH-1,U05-C-rewrite-5,2,True,1,::: rewrite,{{PH-1: U05-C-rewrite-5 | rows=2}}
5,Requesting Clarification,1860,PH-1,U05-C-rewrite-6,2,True,1,,{{PH-1: U05-C-rewrite-6 | rows=2}}
5,Requesting Clarification,1864,PH-1,U05-C-rewrite-7,2,True,1,,{{PH-1: U05-C-rewrite-7 | rows=2}}
5,Requesting Clarification,1868,PH-1,U05-C-rewrite-8,2,True,1,,{{PH-1: U05-C-rewrite-8 | rows=2}}
5,Requesting Clarification,1875,PH-1,U05-practice-b-clarity,6,True,1,,{{PH-1: U05-practice-b-clarity | rows=6}}
5,Requesting Clarification,1907,PH-1,U05-practice-c-clarification,6,True,1,,{{PH-1: U05-practice-c-clarification | rows=6}}
5,Requesting Clarification,1918,PH-1,U05-D-rewrite-1,2,True,1,::: rewrite,{{PH-1: U05-D-rewrite-1 | rows=2}}
5,Requesting Clarification,1922,PH-1,U05-D-rewrite-2,2,True,1,,{{PH-1: U05-D-rewrite-2 | rows=2}}
5,Requesting Clarification,1926,PH-1,U05-D-rewrite-3,2,True,1,,{{PH-1: U05-D-rewrite-3 | rows=2}}
5,Requesting Clarification,1930,PH-1,U05-D-rewrite-4,2,True,1,,{{PH-1: U05-D-rewrite-4 | rows=2}}
5,Requesting Clarification,1937,PH-2,U05-extended-guided-rewrite,2,True,1,,{{PH-2: U05-extended-guided-rewrite | rows=2}}
5,Requesting Clarification,1963,PH-3,U05-guided-document,10,True,1,,{{PH-3: U05-guided-document | rows=10}}
5,Requesting Clarification,1998,PH-3,U05-freer-email-1,10,True,1,,{{PH-3: U05-freer-email-1 | rows=10}}
5,Requesting Clarification,2002,PH-3,U05-freer-email-2,10,True,1,,{{PH-3: U05-freer-email-2 | rows=10}}
5,Requesting Clarification,2013,PH-1,U05-G-rewrite-1,2,True,1,::: edit,{{PH-1: U05-G-rewrite-1 | rows=2}}
5,Requesting Clarification,2017,PH-1,U05-G-rewrite-2,2,True,1,,{{PH-1: U05-G-rewrite-2 | rows=2}}
5,Requesting Clarification,2021,PH-1,U05-G-rewrite-3,2,True,1,,{{PH-1: U05-G-rewrite-3 | rows=2}}
5,Requesting Clarification,2025,PH-1,U05-G-rewrite-4,2,True,1,,{{PH-1: U05-G-rewrite-4 | rows=2}}
5,Requesting Clarification,2034,PH-2,U05-editing-rewrite,2,True,1,,{{PH-2: U05-editing-rewrite | rows=2}}
5,Requesting Clarification,2057,PH-1,U05-transfer-notes,4,True,1,,{{PH-1: U05-transfer-notes | rows=4}}
5,Requesting Clarification,2096,PH-2,U05-extended-paragraph,8,True,1,,{{PH-2: U05-extended-paragraph | rows=8}}
5,Requesting Clarification,2124,PH-3,U05-homework-document,8,True,1,,{{PH-3: U05-homework-document | rows=8}}
6,Communicating Delays or Changes,2242,PH-1,U06-C-rewrite-1,2,True,1,,{{PH-1: U06-C-rewrite-1 | rows=2}}
6,Communicating Delays or Changes,2246,PH-1,U06-C-rewrite-2,2,True,1,,{{PH-1: U06-C-rewrite-2 | rows=2}}
6,Communicating Delays or Changes,2250,PH-1,U06-C-rewrite-3,2,True,1,,{{PH-1: U06-C-rewrite-3 | rows=2}}
6,Communicating Delays or Changes,2254,PH-1,U06-C-rewrite-4,2,True,1,,{{PH-1: U06-C-rewrite-4 | rows=2}}
6,Communicating Delays or Changes,2261,PH-1,U06-practice-a-clarity,6,True,1,,{{PH-1: U06-practice-a-clarity | rows=6}}
6,Communicating Delays or Changes,2316,PH-1,U06-practice-b-reorder,6,True,1,,{{PH-1: U06-practice-b-reorder | rows=6}}
6,Communicating Delays or Changes,2325,PH-1,U06-C-rewrite-5,2,True,1,::: write,{{PH-1: U06-C-rewrite-5 | rows=2}}
6,Communicating Delays or Changes,2329,PH-1,U06-C-rewrite-6,2,True,1,,{{PH-1: U06-C-rewrite-6 | rows=2}}
6,Communicating Delays or Changes,2333,PH-1,U06-C-rewrite-7,2,True,1,,{{PH-1: U06-C-rewrite-7 | rows=2}}
6,Communicating Delays or Changes,2340,PH-1,U06-practice-c-supporting,6,True,1,,{{PH-1: U06-practice-c-supporting | rows=6}}
6,Communicating Delays or Changes,2366,PH-3,U06-guided-document,10,True,1,,{{PH-3: U06-guided-document | rows=10}}
6,Communicating Delays or Changes,2412,PH-3,U06-freer-email-1,10,True,1,,{{PH-3: U06-freer-email-1 | rows=10}}
6,Communicating Delays or Changes,2416,PH-3,U06-freer-email-2,10,True,1,,{{PH-3: U06-freer-email-2 | rows=10}}
6,Communicating Delays or Changes,2427,PH-1,U06-G-rewrite-1,2,True,1,::: edit,{{PH-1: U06-G-rewrite-1 | rows=2}}
6,Communicating Delays or Changes,2431,PH-1,U06-G-rewrite-2,2,True,1,,{{PH-1: U06-G-rewrite-2 | rows=2}}
6,Communicating Delays or Changes,2435,PH-1,U06-G-rewrite-3,2,True,1,,{{PH-1: U06-G-rewrite-3 | rows=2}}
6,Communicating Delays or Changes,2439,PH-1,U06-G-rewrite-4,2,True,1,,{{PH-1: U06-G-rewrite-4 | rows=2}}
6,Communicating Delays or Changes,2448,PH-2,U06-editing-rewrite,2,True,1,,{{PH-2: U06-editing-rewrite | rows=2}}
6,Communicating Delays or Changes,2469,PH-2,U06-transfer-response,4,True,1,,{{PH-2: U06-transfer-response | rows=4}}
6,Communicating Delays or Changes,2491,PH-2,U06-extended-paragraph,8,True,1,,{{PH-2: U06-extended-paragraph | rows=8}}
6,Communicating Delays or Changes,2519,PH-3,U06-homework-document,8,True,1,,{{PH-3: U06-homework-document | rows=8}}
7,Making Requests Politely,2656,PH-1,U07-C-rewrite-1,2,True,1,,{{PH-1: U07-C-rewrite-1 | rows=2}}
7,Making Requests Politely,2660,PH-1,U07-C-rewrite-2,2,True,1,,{{PH-1: U07-C-rewrite-2 | rows=2}}
7,Making Requests Politely,2664,PH-1,U07-C-rewrite-3,2,True,1,,{{PH-1: U07-C-rewrite-3 | rows=2}}
7,Making Requests Politely,2668,PH-1,U07-C-rewrite-4,2,True,1,,{{PH-1: U07-C-rewrite-4 | rows=2}}
7,Making Requests Politely,2675,PH-1,U07-practice-a-request,6,True,1,,{{PH-1: U07-practice-a-request | rows=6}}
7,Making Requests Politely,2710,PH-1,U07-C-rewrite-5,2,True,1,,{{PH-1: U07-C-rewrite-5 | rows=2}}
7,Making Requests Politely,2714,PH-1,U07-C-rewrite-6,2,True,1,,{{PH-1: U07-C-rewrite-6 | rows=2}}
7,Making Requests Politely,2718,PH-1,U07-C-rewrite-7,2,True,1,,{{PH-1: U07-C-rewrite-7 | rows=2}}
7,Making Requests Politely,2722,PH-1,U07-C-rewrite-8,2,True,1,,{{PH-1: U07-C-rewrite-8 | rows=2}}
7,Making Requests Politely,2729,PH-1,U07-practice-b-specific,6,True,1,,{{PH-1: U07-practice-b-specific | rows=6}}
7,Making Requests Politely,2771,PH-1,U07-C-rewrite-9,2,True,1,::: rewrite,{{PH-1: U07-C-rewrite-9 | rows=2}}
7,Making Requests Politely,2775,PH-1,U07-C-rewrite-10,2,True,1,,{{PH-1: U07-C-rewrite-10 | rows=2}}
7,Making Requests Politely,2779,PH-1,U07-C-rewrite-11,2,True,1,,{{PH-1: U07-C-rewrite-11 | rows=2}}
7,Making Requests Politely,2783,PH-1,U07-C-rewrite-12,2,True,1,,{{PH-1: U07-C-rewrite-12 | rows=2}}
7,Making Requests Politely,2790,PH-1,U07-practice-c-soften,6,True,1,,{{PH-1: U07-practice-c-soften | rows=6}}
7,Making Requests Politely,2817,PH-3,U07-guided-document,10,True,1,,{{PH-3: U07-guided-document | rows=10}}
7,Making Requests Politely,2865,PH-3,U07-freer-email-1,10,True,1,,{{PH-3: U07-freer-email-1 | rows=10}}
7,Making Requests Politely,2869,PH-3,U07-freer-email-2,10,True,1,,{{PH-3: U07-freer-email-2 | rows=10}}
7,Making Requests Politely,2880,PH-1,U07-G-rewrite-1,2,True,1,::: edit,{{PH-1: U07-G-rewrite-1 | rows=2}}
7,Making Requests Politely,2884,PH-1,U07-G-rewrite-2,2,True,1,,{{PH-1: U07-G-rewrite-2 | rows=2}}
7,Making Requests Politely,2888,PH-1,U07-G-rewrite-3,2,True,1,,{{PH-1: U07-G-rewrite-3 | rows=2}}
7,Making Requests Politely,2892,PH-1,U07-G-rewrite-4,2,True,1,,{{PH-1: U07-G-rewrite-4 | rows=2}}
7,Making Requests Politely,2901,PH-2,U07-editing-rewrite,2,True,1,,{{PH-2: U07-editing-rewrite | rows=2}}
7,Making Requests Politely,2928,PH-1,U07-transfer-response,4,True,1,,{{PH-1: U07-transfer-response | rows=4}}
7,Making Requests Politely,2950,PH-2,U07-extended-paragraph,8,True,1,,{{PH-2: U07-extended-paragraph | rows=8}}
7,Making Requests Politely,2976,PH-3,U07-homework-document,8,True,1,,{{PH-3: U07-homework-document | rows=8}}
7,Making Requests Politely,3060,PH-3,M2-transfer-internal-email,4,True,1,,{{PH-3: M2-transfer-internal-email | rows=4}}
7,Making Requests Politely,3064,PH-3,M2-transfer-external-email,4,True,1,,{{PH-3: M2-transfer-external-email | rows=4}}
7,Making Requests Politely,3160,PH-2,M2-revision-lab-email-1,6,True,1,,{{PH-2: M2-revision-lab-email-1 | rows=6}}
7,Making Requests Politely,3164,PH-2,M2-revision-lab-email-2,6,True,1,,{{PH-2: M2-revision-lab-email-2 | rows=6}}
7,Making Requests Politely,3168,PH-2,M2-revision-lab-internal-note,6,True,1,,{{PH-2: M2-revision-lab-internal-note | rows=6}}
8,Writing Simple Procedures,3406,PH-1,U08-C-rewrite-1,2,True,1,::: rewrite,{{PH-1: U08-C-rewrite-1 | rows=2}}
8,Writing Simple Procedures,3410,PH-1,U08-C-rewrite-2,2,True,1,,{{PH-1: U08-C-rewrite-2 | rows=2}}
8,Writing Simple Procedures,3414,PH-1,U08-C-rewrite-3,2,True,1,,{{PH-1: U08-C-rewrite-3 | rows=2}}
8,Writing Simple Procedures,3418,PH-1,U08-C-rewrite-4,2,True,1,,{{PH-1: U08-C-rewrite-4 | rows=2}}
8,Writing Simple Procedures,3425,PH-1,U08-practice-a-verbs,6,True,1,,{{PH-1: U08-practice-a-verbs | rows=6}}
8,Writing Simple Procedures,3459,PH-2,U08-practice-b-order,6,True,1,,{{PH-2: U08-practice-b-order | rows=6}}
8,Writing Simple Procedures,3484,PH-1,U08-practice-c-steps,6,True,1,,{{PH-1: U08-practice-c-steps | rows=6}}
8,Writing Simple Procedures,3509,PH-3,U08-guided-document,10,True,1,,{{PH-3: U08-guided-document | rows=10}}
8,Writing Simple Procedures,3568,PH-3,U08-freer-document,10,True,1,,{{PH-3: U08-freer-document | rows=10}}
8,Writing Simple Procedures,3602,PH-3,U08-extended-document,10,True,1,,{{PH-3: U08-extended-document | rows=10}}
8,Writing Simple Procedures,3628,PH-2,U08-editing-rewrite,2,True,1,,{{PH-2: U08-editing-rewrite | rows=2}}
8,Writing Simple Procedures,3653,PH-1,U08-transfer-response,4,True,1,,{{PH-1: U08-transfer-response | rows=4}}
8,Writing Simple Procedures,3681,PH-3,U08-homework-document,8,True,1,,{{PH-3: U08-homework-document | rows=8}}
9,Internal Notices,3823,PH-1,U09-C-rewrite-1,2,True,1,::: rewrite,{{PH-1: U09-C-rewrite-1 | rows=2}}
9,Internal Notices,3827,PH-1,U09-C-rewrite-2,2,True,1,,{{PH-1: U09-C-rewrite-2 | rows=2}}
9,Internal Notices,3831,PH-1,U09-C-rewrite-3,2,True,1,,{{PH-1: U09-C-rewrite-3 | rows=2}}
9,Internal Notices,3835,PH-1,U09-C-rewrite-4,2,True,1,,{{PH-1: U09-C-rewrite-4 | rows=2}}
9,Internal Notices,3842,PH-1,U09-lang2-neutral-tone,2,True,1,,{{PH-1: U09-lang2-neutral-tone | rows=2}}
9,Internal Notices,3863,PH-1,U09-C-rewrite-5,2,True,1,,{{PH-1: U09-C-rewrite-5 | rows=2}}
9,Internal Notices,3867,PH-1,U09-C-rewrite-6,2,True,1,,{{PH-1: U09-C-rewrite-6 | rows=2}}
9,Internal Notices,3871,PH-1,U09-C-rewrite-7,2,True,1,,{{PH-1: U09-C-rewrite-7 | rows=2}}
9,Internal Notices,3875,PH-1,U09-C-rewrite-8,2,True,1,,{{PH-1: U09-C-rewrite-8 | rows=2}}
9,Internal Notices,3882,PH-1,U09-practice-b-clarity,6,True,1,,{{PH-1: U09-practice-b-clarity | rows=6}}
9,Internal Notices,3906,PH-3,U09-guided-document,10,True,1,,{{PH-3: U09-guided-document | rows=10}}
9,Internal Notices,3947,PH-3,U09-freer-notice-1,10,True,1,,{{PH-3: U09-freer-notice-1 | rows=10}}
9,Internal Notices,3951,PH-3,U09-freer-notice-2,10,True,1,,{{PH-3: U09-freer-notice-2 | rows=10}}
9,Internal Notices,4012,PH-2,U09-editing-rewrite,2,True,1,,{{PH-2: U09-editing-rewrite | rows=2}}
9,Internal Notices,4035,PH-2,U09-transfer-response,4,True,1,,{{PH-2: U09-transfer-response | rows=4}}
9,Internal Notices,4070,PH-3,U09-extended-document,10,True,1,,{{PH-3: U09-extended-document | rows=10}}
9,Internal Notices,4098,PH-3,U09-homework-document,8,True,1,,{{PH-3: U09-homework-document | rows=8}}
10,Explaining Problems Clearly,4244,PH-1,U10-C-rewrite-1,2,True,1,,{{PH-1: U10-C-rewrite-1 | rows=2}}
10,Explaining Problems Clearly,4248,PH-1,U10-C-rewrite-2,2,True,1,,{{PH-1: U10-C-rewrite-2 | rows=2}}
10,Explaining Problems Clearly,4252,PH-1,U10-C-rewrite-3,2,True,1,,{{PH-1: U10-C-rewrite-3 | rows=2}}
10,Explaining Problems Clearly,4256,PH-1,U10-C-rewrite-4,2,True,1,,{{PH-1: U10-C-rewrite-4 | rows=2}}
10,Explaining Problems Clearly,4263,PH-1,U10-practice-a-explanation,6,True,1,,{{PH-1: U10-practice-a-explanation | rows=6}}
10,Explaining Problems Clearly,4284,PH-1,U10-C-rewrite-5,2,True,1,,{{PH-1: U10-C-rewrite-5 | rows=2}}
10,Explaining Problems Clearly,4288,PH-1,U10-C-rewrite-6,2,True,1,,{{PH-1: U10-C-rewrite-6 | rows=2}}
10,Explaining Problems Clearly,4292,PH-1,U10-C-rewrite-7,2,True,1,,{{PH-1: U10-C-rewrite-7 | rows=2}}
10,Explaining Problems Clearly,4299,PH-2,U10-practice-b-details,6,True,1,,{{PH-2: U10-practice-b-details | rows=6}}
10,Explaining Problems Clearly,4326,PH-2,U10-guided-paragraph,8,True,1,,{{PH-2: U10-guided-paragraph | rows=8}}
10,Explaining Problems Clearly,4385,PH-2,U10-freer-explanation-1,8,True,1,,{{PH-2: U10-freer-explanation-1 | rows=8}}
10,Explaining Problems Clearly,4389,PH-2,U10-freer-explanation-2,8,True,1,,{{PH-2: U10-freer-explanation-2 | rows=8}}
10,Explaining Problems Clearly,4413,PH-2,U10-editing-rewrite,2,True,1,,{{PH-2: U10-editing-rewrite | rows=2}}
10,Explaining Problems Clearly,4435,PH-2,U10-transfer-response,4,True,1,,{{PH-2: U10-transfer-response | rows=4}}
10,Explaining Problems Clearly,4457,PH-2,U10-extended-paragraph,8,True,1,,{{PH-2: U10-extended-paragraph | rows=8}}
10,Explaining Problems Clearly,4485,PH-3,U10-homework-document,8,True,1,,{{PH-3: U10-homework-document | rows=8}}
11,Writing Simple Meeting Summaries,4627,PH-1,U11-C-rewrite-1,2,True,1,::: rewrite,{{PH-1: U11-C-rewrite-1 | rows=2}}
11,Writing Simple Meeting Summaries,4631,PH-1,U11-C-rewrite-2,2,True,1,,{{PH-1: U11-C-rewrite-2 | rows=2}}
11,Writing Simple Meeting Summaries,4635,PH-1,U11-C-rewrite-3,2,True,1,,{{PH-1: U11-C-rewrite-3 | rows=2}}
11,Writing Simple Meeting Summaries,4642,PH-1,U11-practice-b-clarity,6,True,1,,{{PH-1: U11-practice-b-clarity | rows=6}}
11,Writing Simple Meeting Summaries,4661,PH-2,U11-guided-paragraph,8,True,1,,{{PH-2: U11-guided-paragraph | rows=8}}
11,Writing Simple Meeting Summaries,4719,PH-2,U11-freer-summary-1,8,True,1,,{{PH-2: U11-freer-summary-1 | rows=8}}
11,Writing Simple Meeting Summaries,4723,PH-2,U11-freer-summary-2,8,True,1,,{{PH-2: U11-freer-summary-2 | rows=8}}
11,Writing Simple Meeting Summaries,4747,PH-2,U11-editing-rewrite,2,True,1,,{{PH-2: U11-editing-rewrite | rows=2}}
11,Writing Simple Meeting Summaries,4766,PH-2,U11-transfer-response,4,True,1,,{{PH-2: U11-transfer-response | rows=4}}
11,Writing Simple Meeting Summaries,4804,PH-3,U11-extended-document,10,True,1,,{{PH-3: U11-extended-document | rows=10}}
11,Writing Simple Meeting Summaries,4830,PH-2,U11-homework-paragraph,8,True,1,,{{PH-2: U11-homework-paragraph | rows=8}}
11,Writing Simple Meeting Summaries,4910,PH-2,M3-transfer-procedure,4,True,1,,{{PH-2: M3-transfer-procedure | rows=4}}
11,Writing Simple Meeting Summaries,4914,PH-2,M3-transfer-notice,4,True,1,,{{PH-2: M3-transfer-notice | rows=4}}
11,Writing Simple Meeting Summaries,4918,PH-2,M3-transfer-summary,4,True,1,,{{PH-2: M3-transfer-summary | rows=4}}
11,Writing Simple Meeting Summaries,4996,PH-2,M3-revision-lab-procedure,6,True,1,,{{PH-2: M3-revision-lab-procedure | rows=6}}
11,Writing Simple Meeting Summaries,5000,PH-2,M3-revision-lab-notice,6,True,1,,{{PH-2: M3-revision-lab-notice | rows=6}}
11,Writing Simple Meeting Summaries,5004,PH-2,M3-revision-lab-explanation,6,True,1,,{{PH-2: M3-revision-lab-explanation | rows=6}}
11,Writing Simple Meeting Summaries,5054,PH-2,M3-sequencing-rebuild,3,True,1,,{{PH-2: M3-sequencing-rebuild | rows=3}}
11,Writing Simple Meeting Summaries,5133,PH-2,M3-internal-doc-workshop,6,True,1,,{{PH-2: M3-internal-doc-workshop | rows=6}}
12,Writing Simple External Inquiries,5358,PH-1,U12-C-rewrite-1,2,True,1,,{{PH-1: U12-C-rewrite-1 | rows=2}}
12,Writing Simple External Inquiries,5362,PH-1,U12-C-rewrite-2,2,True,1,,{{PH-1: U12-C-rewrite-2 | rows=2}}
12,Writing Simple External Inquiries,5366,PH-1,U12-C-rewrite-3,2,True,1,,{{PH-1: U12-C-rewrite-3 | rows=2}}
12,Writing Simple External Inquiries,5370,PH-1,U12-C-rewrite-4,2,True,1,,{{PH-1: U12-C-rewrite-4 | rows=2}}
12,Writing Simple External Inquiries,5377,PH-1,U12-practice-a-inquiry,6,True,1,,{{PH-1: U12-practice-a-inquiry | rows=6}}
12,Writing Simple External Inquiries,5405,PH-1,U12-C-rewrite-5,2,True,1,,{{PH-1: U12-C-rewrite-5 | rows=2}}
12,Writing Simple External Inquiries,5409,PH-1,U12-C-rewrite-6,2,True,1,,{{PH-1: U12-C-rewrite-6 | rows=2}}
12,Writing Simple External Inquiries,5413,PH-1,U12-C-rewrite-7,2,True,1,,{{PH-1: U12-C-rewrite-7 | rows=2}}
12,Writing Simple External Inquiries,5420,PH-2,U12-practice-b-background,6,True,1,,{{PH-2: U12-practice-b-background | rows=6}}
12,Writing Simple External Inquiries,5439,PH-3,U12-guided-document,10,True,1,,{{PH-3: U12-guided-document | rows=10}}
12,Writing Simple External Inquiries,5486,PH-3,U12-freer-document,10,True,1,,{{PH-3: U12-freer-document | rows=10}}
12,Writing Simple External Inquiries,5512,PH-2,U12-editing-rewrite,2,True,1,,{{PH-2: U12-editing-rewrite | rows=2}}
12,Writing Simple External Inquiries,5533,PH-1,U12-transfer-response,4,True,1,,{{PH-1: U12-transfer-response | rows=4}}
12,Writing Simple External Inquiries,5572,PH-3,U12-extended-document,10,True,1,,{{PH-3: U12-extended-document | rows=10}}
12,Writing Simple External Inquiries,5600,PH-3,U12-homework-document,8,True,1,,{{PH-3: U12-homework-document | rows=8}}
13,Providing Simple Explanations,5761,PH-1,U13-C-rewrite-1,2,True,1,,{{PH-1: U13-C-rewrite-1 | rows=2}}
13,Providing Simple Explanations,5765,PH-1,U13-C-rewrite-2,2,True,1,,{{PH-1: U13-C-rewrite-2 | rows=2}}
13,Providing Simple Explanations,5769,PH-1,U13-C-rewrite-3,2,True,1,,{{PH-1: U13-C-rewrite-3 | rows=2}}
13,Providing Simple Explanations,5773,PH-1,U13-C-rewrite-4,2,True,1,,{{PH-1: U13-C-rewrite-4 | rows=2}}
13,Providing Simple Explanations,5780,PH-1,U13-practice-a-explanation,6,True,1,,{{PH-1: U13-practice-a-explanation | rows=6}}
13,Providing Simple Explanations,5800,PH-1,U13-C-rewrite-5,2,True,1,,{{PH-1: U13-C-rewrite-5 | rows=2}}
13,Providing Simple Explanations,5804,PH-1,U13-C-rewrite-6,2,True,1,,{{PH-1: U13-C-rewrite-6 | rows=2}}
13,Providing Simple Explanations,5808,PH-1,U13-C-rewrite-7,2,True,1,,{{PH-1: U13-C-rewrite-7 | rows=2}}
13,Providing Simple Explanations,5815,PH-2,U13-practice-b-reason,6,True,1,,{{PH-2: U13-practice-b-reason | rows=6}}
13,Providing Simple Explanations,5842,PH-2,U13-guided-paragraph,8,True,1,,{{PH-2: U13-guided-paragraph | rows=8}}
13,Providing Simple Explanations,5883,PH-2,U13-freer-explanation-1,8,True,1,,{{PH-2: U13-freer-explanation-1 | rows=8}}
13,Providing Simple Explanations,5887,PH-2,U13-freer-explanation-2,8,True,1,,{{PH-2: U13-freer-explanation-2 | rows=8}}
13,Providing Simple Explanations,5911,PH-2,U13-editing-rewrite,2,True,1,,{{PH-2: U13-editing-rewrite | rows=2}}
13,Providing Simple Explanations,5931,PH-1,U13-transfer-response,4,True,1,,{{PH-1: U13-transfer-response | rows=4}}
13,Providing Simple Explanations,5968,PH-2,U13-extended-paragraph,8,True,1,,{{PH-2: U13-extended-paragraph | rows=8}}
13,Providing Simple Explanations,5996,PH-2,U13-homework-paragraph,8,True,1,,{{PH-2: U13-homework-paragraph | rows=8}}
14,Responding to Confusion,6139,PH-1,U14-C-rewrite-1,2,True,1,,{{PH-1: U14-C-rewrite-1 | rows=2}}
14,Responding to Confusion,6143,PH-1,U14-C-rewrite-2,2,True,1,,{{PH-1: U14-C-rewrite-2 | rows=2}}
14,Responding to Confusion,6147,PH-1,U14-C-rewrite-3,2,True,1,,{{PH-1: U14-C-rewrite-3 | rows=2}}
14,Responding to Confusion,6151,PH-1,U14-C-rewrite-4,2,True,1,,{{PH-1: U14-C-rewrite-4 | rows=2}}
14,Responding to Confusion,6158,PH-1,U14-practice-a-response,6,True,1,,{{PH-1: U14-practice-a-response | rows=6}}
14,Responding to Confusion,6167,PH-1,U14-C-rewrite-5,2,True,1,::: write,{{PH-1: U14-C-rewrite-5 | rows=2}}
14,Responding to Confusion,6171,PH-1,U14-C-rewrite-6,2,True,1,,{{PH-1: U14-C-rewrite-6 | rows=2}}
14,Responding to Confusion,6175,PH-1,U14-C-rewrite-7,2,True,1,,{{PH-1: U14-C-rewrite-7 | rows=2}}
14,Responding to Confusion,6182,PH-2,U14-practice-b-clarify,6,True,1,,{{PH-2: U14-practice-b-clarify | rows=6}}
14,Responding to Confusion,6207,PH-3,U14-guided-document,10,True,1,,{{PH-3: U14-guided-document | rows=10}}
14,Responding to Confusion,6248,PH-3,U14-freer-response-1,10,True,1,,{{PH-3: U14-freer-response-1 | rows=10}}
14,Responding to Confusion,6252,PH-3,U14-freer-response-2,10,True,1,,{{PH-3: U14-freer-response-2 | rows=10}}
14,Responding to Confusion,6276,PH-2,U14-editing-rewrite,2,True,1,,{{PH-2: U14-editing-rewrite | rows=2}}
14,Responding to Confusion,6295,PH-1,U14-transfer-response,4,True,1,,{{PH-1: U14-transfer-response | rows=4}}
14,Responding to Confusion,6332,PH-2,U14-extended-paragraph,8,True,1,,{{PH-2: U14-extended-paragraph | rows=8}}
14,Responding to Confusion,6360,PH-3,U14-homework-document,8,True,1,,{{PH-3: U14-homework-document | rows=8}}
15,Maintaining Consistent Email Style,6498,PH-1,U15-C-rewrite-1,2,True,1,::: rewrite,{{PH-1: U15-C-rewrite-1 | rows=2}}
15,Maintaining Consistent Email Style,6502,PH-1,U15-C-rewrite-2,2,True,1,,{{PH-1: U15-C-rewrite-2 | rows=2}}
15,Maintaining Consistent Email Style,6506,PH-1,U15-C-rewrite-3,2,True,1,,{{PH-1: U15-C-rewrite-3 | rows=2}}
15,Maintaining Consistent Email Style,6513,PH-1,U15-practice-a-consistency,6,True,1,,{{PH-1: U15-practice-a-consistency | rows=6}}
15,Maintaining Consistent Email Style,6591,PH-2,U15-practice-b-reformat,6,True,1,,{{PH-2: U15-practice-b-reformat | rows=6}}
15,Maintaining Consistent Email Style,6616,PH-3,U15-guided-document,10,True,1,,{{PH-3: U15-guided-document | rows=10}}
15,Maintaining Consistent Email Style,6657,PH-3,U15-freer-email-1,10,True,1,,{{PH-3: U15-freer-email-1 | rows=10}}
15,Maintaining Consistent Email Style,6661,PH-3,U15-freer-email-2,10,True,1,,{{PH-3: U15-freer-email-2 | rows=10}}
15,Maintaining Consistent Email Style,6672,PH-1,U15-G-rewrite-1,2,True,1,::: edit,{{PH-1: U15-G-rewrite-1 | rows=2}}
15,Maintaining Consistent Email Style,6676,PH-1,U15-G-rewrite-2,2,True,1,,{{PH-1: U15-G-rewrite-2 | rows=2}}
15,Maintaining Consistent Email Style,6684,PH-2,U15-editing-rewrite,2,True,1,,{{PH-2: U15-editing-rewrite | rows=2}}
15,Maintaining Consistent Email Style,6707,PH-1,U15-transfer-response,4,True,1,,{{PH-1: U15-transfer-response | rows=4}}
15,Maintaining Consistent Email Style,6735,PH-2,U15-extended-paragraph,8,True,1,,{{PH-2: U15-extended-paragraph | rows=8}}
15,Maintaining Consistent Email Style,6761,PH-3,U15-homework-document,8,True,1,,{{PH-3: U15-homework-document | rows=8}}
15,Maintaining Consistent Email Style,6840,PH-3,M4-transfer-outward,4,True,1,,{{PH-3: M4-transfer-outward | rows=4}}
15,Maintaining Consistent Email Style,6844,PH-2,M4-transfer-internal,4,True,1,,{{PH-2: M4-transfer-internal | rows=4}}
15,Maintaining Consistent Email Style,6923,PH-2,M4-revision-outward,6,True,1,,{{PH-2: M4-revision-outward | rows=6}}
15,Maintaining Consistent Email Style,6927,PH-2,M4-revision-internal,6,True,1,,{{PH-2: M4-revision-internal | rows=6}}
15,Maintaining Consistent Email Style,6931,PH-1,M4-revision-style-note,6,True,1,,{{PH-1: M4-revision-style-note | rows=6}}
15,Maintaining Consistent Email Style,6988,PH-2,M4-rebuild-first-draft,3,True,1,,{{PH-2: M4-rebuild-first-draft | rows=3}}
15,Maintaining Consistent Email Style,6992,PH-2,M4-rebuild-second-draft,3,True,1,,{{PH-2: M4-rebuild-second-draft | rows=3}}
15,Maintaining Consistent Email Style,7050,PH-2,M4-outward-workshop-rebuild,3,True,1,,{{PH-2: M4-outward-workshop-rebuild | rows=3}}
15,Maintaining Consistent Email Style,7081,PH-1,M4-audience-shift-openings,6,True,1,,{{PH-1: M4-audience-shift-openings | rows=6}}
16,Editing for Accuracy,7165,PH-1,U16-warmup-corrections,6,True,1,,{{PH-1: U16-warmup-corrections | rows=6}}
16,Editing for Accuracy,7274,PH-1,U16-C-rewrite-1,2,True,1,,{{PH-1: U16-C-rewrite-1 | rows=2}}
16,Editing for Accuracy,7278,PH-1,U16-C-rewrite-2,2,True,1,,{{PH-1: U16-C-rewrite-2 | rows=2}}
16,Editing for Accuracy,7282,PH-1,U16-C-rewrite-3,2,True,1,,{{PH-1: U16-C-rewrite-3 | rows=2}}
16,Editing for Accuracy,7286,PH-1,U16-C-rewrite-4,2,True,1,,{{PH-1: U16-C-rewrite-4 | rows=2}}
16,Editing for Accuracy,7293,PH-1,U16-practice-a-corrections,6,True,1,,{{PH-1: U16-practice-a-corrections | rows=6}}
16,Editing for Accuracy,7316,PH-2,U16-practice-b-text1,6,True,1,,{{PH-2: U16-practice-b-text1 | rows=6}}
16,Editing for Accuracy,7320,PH-2,U16-practice-b-text2,6,True,1,,{{PH-2: U16-practice-b-text2 | rows=6}}
16,Editing for Accuracy,7346,PH-3,U16-guided-document,10,True,1,,{{PH-3: U16-guided-document | rows=10}}
16,Editing for Accuracy,7387,PH-2,U16-freer-version-1,10,True,1,,{{PH-2: U16-freer-version-1 | rows=10}}
16,Editing for Accuracy,7391,PH-2,U16-freer-version-2,10,True,1,,{{PH-2: U16-freer-version-2 | rows=10}}
16,Editing for Accuracy,7412,PH-2,U16-editing-rewrite,2,True,1,,{{PH-2: U16-editing-rewrite | rows=2}}
16,Editing for Accuracy,7435,PH-2,U16-extended-paragraph,8,True,1,,{{PH-2: U16-extended-paragraph | rows=8}}
16,Editing for Accuracy,7457,PH-1,U16-transfer-notes,4,True,1,,{{PH-1: U16-transfer-notes | rows=4}}
16,Editing for Accuracy,7485,PH-3,U16-homework-document,8,True,1,,{{PH-3: U16-homework-document | rows=8}}
17,Editing for Clarity,7613,PH-1,U17-C-rewrite-1,2,True,1,::: rewrite,{{PH-1: U17-C-rewrite-1 | rows=2}}
17,Editing for Clarity,7617,PH-1,U17-C-rewrite-2,2,True,1,,{{PH-1: U17-C-rewrite-2 | rows=2}}
17,Editing for Clarity,7621,PH-1,U17-C-rewrite-3,2,True,1,,{{PH-1: U17-C-rewrite-3 | rows=2}}
17,Editing for Clarity,7625,PH-1,U17-C-rewrite-4,2,True,1,,{{PH-1: U17-C-rewrite-4 | rows=2}}
17,Editing for Clarity,7632,PH-1,U17-practice-a-clarity,6,True,1,,{{PH-1: U17-practice-a-clarity | rows=6}}
17,Editing for Clarity,7681,PH-1,U17-practice-b-flow,6,True,1,,{{PH-1: U17-practice-b-flow | rows=6}}
17,Editing for Clarity,7706,PH-2,U17-guided-paragraph,8,True,1,,{{PH-2: U17-guided-paragraph | rows=8}}
17,Editing for Clarity,7747,PH-2,U17-freer-version-1,10,True,1,,{{PH-2: U17-freer-version-1 | rows=10}}
17,Editing for Clarity,7751,PH-2,U17-freer-version-2,10,True,1,,{{PH-2: U17-freer-version-2 | rows=10}}
17,Editing for Clarity,7775,PH-2,U17-editing-rewrite,2,True,1,,{{PH-2: U17-editing-rewrite | rows=2}}
17,Editing for Clarity,7796,PH-1,U17-transfer-response,4,True,1,,{{PH-1: U17-transfer-response | rows=4}}
17,Editing for Clarity,7819,PH-2,U17-extended-paragraph,8,True,1,,{{PH-2: U17-extended-paragraph | rows=8}}
17,Editing for Clarity,7845,PH-2,U17-homework-paragraph,8,True,1,,{{PH-2: U17-homework-paragraph | rows=8}}
18,Editing for Tone,7987,PH-1,U18-C-rewrite-1,2,True,1,,{{PH-1: U18-C-rewrite-1 | rows=2}}
18,Editing for Tone,7991,PH-1,U18-C-rewrite-2,2,True,1,,{{PH-1: U18-C-rewrite-2 | rows=2}}
18,Editing for Tone,7995,PH-1,U18-C-rewrite-3,2,True,1,,{{PH-1: U18-C-rewrite-3 | rows=2}}
18,Editing for Tone,7999,PH-1,U18-C-rewrite-4,2,True,1,,{{PH-1: U18-C-rewrite-4 | rows=2}}
18,Editing for Tone,8006,PH-1,U18-practice-a-tone,2,True,1,,{{PH-1: U18-practice-a-tone | rows=2}}
18,Editing for Tone,8061,PH-2,U18-practice-b-tone,2,True,1,,{{PH-2: U18-practice-b-tone | rows=2}}
18,Editing for Tone,8088,PH-3,U18-guided-document,10,True,1,,{{PH-3: U18-guided-document | rows=10}}
18,Editing for Tone,8129,PH-2,U18-freer-email-1,10,True,1,,{{PH-2: U18-freer-email-1 | rows=10}}
18,Editing for Tone,8133,PH-2,U18-freer-email-2,10,True,1,,{{PH-2: U18-freer-email-2 | rows=10}}
18,Editing for Tone,8157,PH-2,U18-editing-rewrite,2,True,1,,{{PH-2: U18-editing-rewrite | rows=2}}
18,Editing for Tone,8180,PH-1,U18-transfer-response,4,True,1,,{{PH-1: U18-transfer-response | rows=4}}
18,Editing for Tone,8203,PH-2,U18-extended-paragraph,8,True,1,,{{PH-2: U18-extended-paragraph | rows=8}}
18,Editing for Tone,8229,PH-3,U18-homework-document,8,True,1,,{{PH-3: U18-homework-document | rows=8}}
18,Editing for Tone,8305,PH-2,M5-transfer-accuracy,4,True,1,,{{PH-2: M5-transfer-accuracy | rows=4}}
18,Editing for Tone,8309,PH-2,M5-transfer-clarity,4,True,1,,{{PH-2: M5-transfer-clarity | rows=4}}
18,Editing for Tone,8313,PH-2,M5-transfer-tone,2,True,1,,{{PH-2: M5-transfer-tone | rows=2}}
18,Editing for Tone,8370,PH-2,M5-revision-clinic,6,True,1,,{{PH-2: M5-revision-clinic | rows=6}}
18,Editing for Tone,8390,PH-1,M5-carryforward-draft1,6,True,1,,{{PH-1: M5-carryforward-draft1 | rows=6}}
18,Editing for Tone,8394,PH-1,M5-carryforward-draft2,6,True,1,,{{PH-1: M5-carryforward-draft2 | rows=6}}
18,Editing for Tone,8437,PH-1,M5-editing-memo,6,True,1,,{{PH-1: M5-editing-memo | rows=6}}
19,Integrated Task 1: Combined Email + Internal Explanation,8585,PH-1,U19-C-rewrite-1,2,True,1,,{{PH-1: U19-C-rewrite-1 | rows=2}}
19,Integrated Task 1: Combined Email + Internal Explanation,8591,PH-1,U19-C-rewrite-2,2,True,1,,{{PH-1: U19-C-rewrite-2 | rows=2}}
19,Integrated Task 1: Combined Email + Internal Explanation,8597,PH-1,U19-C-rewrite-3,2,True,1,,{{PH-1: U19-C-rewrite-3 | rows=2}}
19,Integrated Task 1: Combined Email + Internal Explanation,8603,PH-1,U19-C-rewrite-4,2,True,1,,{{PH-1: U19-C-rewrite-4 | rows=2}}
19,Integrated Task 1: Combined Email + Internal Explanation,8610,PH-1,U19-practice-a-audience,6,True,1,,{{PH-1: U19-practice-a-audience | rows=6}}
19,Integrated Task 1: Combined Email + Internal Explanation,8635,PH-3,U19-guided-external-email,10,True,1,,{{PH-3: U19-guided-external-email | rows=10}}
19,Integrated Task 1: Combined Email + Internal Explanation,8682,PH-3,U19-guided-internal-explanation,10,True,1,,{{PH-3: U19-guided-internal-explanation | rows=10}}
19,Integrated Task 1: Combined Email + Internal Explanation,8744,PH-3,U19-paired-external-email,10,True,1,,{{PH-3: U19-paired-external-email | rows=10}}
19,Integrated Task 1: Combined Email + Internal Explanation,8748,PH-3,U19-paired-internal-explanation,10,True,1,,{{PH-3: U19-paired-internal-explanation | rows=10}}
19,Integrated Task 1: Combined Email + Internal Explanation,8768,PH-2,U19-editing-rewrite,2,True,1,,{{PH-2: U19-editing-rewrite | rows=2}}
19,Integrated Task 1: Combined Email + Internal Explanation,8788,PH-1,U19-transfer-response,4,True,1,,{{PH-1: U19-transfer-response | rows=4}}
19,Integrated Task 1: Combined Email + Internal Explanation,8819,PH-3,U19-extended-external-email,10,True,1,,{{PH-3: U19-extended-external-email | rows=10}}
19,Integrated Task 1: Combined Email + Internal Explanation,8823,PH-3,U19-extended-internal-explanation,10,True,1,,{{PH-3: U19-extended-internal-explanation | rows=10}}
19,Integrated Task 1: Combined Email + Internal Explanation,8849,PH-3,U19-homework-document,8,True,1,,{{PH-3: U19-homework-document | rows=8}}
20,Integrated Task 2: Revision + Notice Writing,8977,PH-1,U20-C-rewrite-1,2,True,1,,{{PH-1: U20-C-rewrite-1 | rows=2}}
20,Integrated Task 2: Revision + Notice Writing,8983,PH-1,U20-C-rewrite-2,2,True,1,,{{PH-1: U20-C-rewrite-2 | rows=2}}
20,Integrated Task 2: Revision + Notice Writing,8989,PH-1,U20-C-rewrite-3,2,True,1,,{{PH-1: U20-C-rewrite-3 | rows=2}}
20,Integrated Task 2: Revision + Notice Writing,8995,PH-1,U20-C-rewrite-4,2,True,1,,{{PH-1: U20-C-rewrite-4 | rows=2}}
20,Integrated Task 2: Revision + Notice Writing,9002,PH-1,U20-practice-a-audience,6,True,1,,{{PH-1: U20-practice-a-audience | rows=6}}
20,Integrated Task 2: Revision + Notice Writing,9028,PH-3,U20-guided-revision-message,10,True,1,,{{PH-3: U20-guided-revision-message | rows=10}}
20,Integrated Task 2: Revision + Notice Writing,9052,PH-3,U20-guided-internal-notice,10,True,1,,{{PH-3: U20-guided-internal-notice | rows=10}}
20,Integrated Task 2: Revision + Notice Writing,9115,PH-3,U20-revision-message,10,True,1,,{{PH-3: U20-revision-message | rows=10}}
20,Integrated Task 2: Revision + Notice Writing,9119,PH-3,U20-internal-notice,10,True,1,,{{PH-3: U20-internal-notice | rows=10}}
20,Integrated Task 2: Revision + Notice Writing,9139,PH-2,U20-editing-rewrite,2,True,1,,{{PH-2: U20-editing-rewrite | rows=2}}
20,Integrated Task 2: Revision + Notice Writing,9159,PH-1,U20-transfer-response,4,True,1,,{{PH-1: U20-transfer-response | rows=4}}
20,Integrated Task 2: Revision + Notice Writing,9189,PH-3,U20-extended-revision-message,10,True,1,,{{PH-3: U20-extended-revision-message | rows=10}}
20,Integrated Task 2: Revision + Notice Writing,9193,PH-3,U20-extended-internal-notice,10,True,1,,{{PH-3: U20-extended-internal-notice | rows=10}}
20,Integrated Task 2: Revision + Notice Writing,9223,PH-3,U20-homework-document,8,True,1,,{{PH-3: U20-homework-document | rows=8}}
21,Writing for Consistency Across a Team,9359,PH-1,U21-C-rewrite-1,2,True,1,::: rewrite,{{PH-1: U21-C-rewrite-1 | rows=2}}
21,Writing for Consistency Across a Team,9363,PH-1,U21-C-rewrite-2,2,True,1,,{{PH-1: U21-C-rewrite-2 | rows=2}}
21,Writing for Consistency Across a Team,9367,PH-1,U21-C-rewrite-3,2,True,1,,{{PH-1: U21-C-rewrite-3 | rows=2}}
21,Writing for Consistency Across a Team,9374,PH-1,U21-practice-a-consistency,6,True,1,,{{PH-1: U21-practice-a-consistency | rows=6}}
21,Writing for Consistency Across a Team,9411,PH-2,U21-practice-b-standardise,6,True,1,,{{PH-2: U21-practice-b-standardise | rows=6}}
21,Writing for Consistency Across a Team,9441,PH-3,U21-guided-document,10,True,1,,{{PH-3: U21-guided-document | rows=10}}
21,Writing for Consistency Across a Team,9495,PH-3,U21-message-1,10,True,1,,{{PH-3: U21-message-1 | rows=10}}
21,Writing for Consistency Across a Team,9499,PH-3,U21-message-2,10,True,1,,{{PH-3: U21-message-2 | rows=10}}
21,Writing for Consistency Across a Team,9517,PH-2,U21-editing-rewrite,2,True,1,,{{PH-2: U21-editing-rewrite | rows=2}}
21,Writing for Consistency Across a Team,9544,PH-1,U21-transfer-notes,4,True,1,,{{PH-1: U21-transfer-notes | rows=4}}
21,Writing for Consistency Across a Team,9573,PH-2,U21-extended-message-1,10,True,1,,{{PH-2: U21-extended-message-1 | rows=10}}
21,Writing for Consistency Across a Team,9577,PH-2,U21-extended-message-2,10,True,1,,{{PH-2: U21-extended-message-2 | rows=10}}
21,Writing for Consistency Across a Team,9581,PH-2,U21-extended-message-3,10,True,1,,{{PH-2: U21-extended-message-3 | rows=10}}
21,Writing for Consistency Across a Team,9609,PH-5,U21-homework-pack,22,True,1,,{{PH-5: U21-homework-pack | rows=22}}
22,Multi-Document Communication Task,9723,PH-1,U22-C-rewrite-1,2,True,1,::: rewrite,{{PH-1: U22-C-rewrite-1 | rows=2}}
22,Multi-Document Communication Task,9727,PH-1,U22-C-rewrite-2,2,True,1,,{{PH-1: U22-C-rewrite-2 | rows=2}}
22,Multi-Document Communication Task,9731,PH-1,U22-C-rewrite-3,2,True,1,,{{PH-1: U22-C-rewrite-3 | rows=2}}
22,Multi-Document Communication Task,9735,PH-1,U22-C-rewrite-4,2,True,1,,{{PH-1: U22-C-rewrite-4 | rows=2}}
22,Multi-Document Communication Task,9742,PH-1,U22-practice-a-audience,6,True,1,,{{PH-1: U22-practice-a-audience | rows=6}}
22,Multi-Document Communication Task,9766,PH-3,U22-guided-applicant-reply,6,True,1,,{{PH-3: U22-guided-applicant-reply | rows=6}}
22,Multi-Document Communication Task,9789,PH-2,U22-guided-colleague-explanation,6,True,1,,{{PH-2: U22-guided-colleague-explanation | rows=6}}
22,Multi-Document Communication Task,9830,PH-3,U22-guided-internal-notice,10,True,1,,{{PH-3: U22-guided-internal-notice | rows=10}}
22,Multi-Document Communication Task,9894,PH-3,U22-freer-applicant-reply,6,True,1,,{{PH-3: U22-freer-applicant-reply | rows=6}}
22,Multi-Document Communication Task,9898,PH-3,U22-freer-colleague-explanation,6,True,1,,{{PH-3: U22-freer-colleague-explanation | rows=6}}
22,Multi-Document Communication Task,9902,PH-2,U22-freer-internal-notice,10,True,1,,{{PH-2: U22-freer-internal-notice | rows=10}}
22,Multi-Document Communication Task,9925,PH-2,U22-editing-rewrite,2,True,1,,{{PH-2: U22-editing-rewrite | rows=2}}
22,Multi-Document Communication Task,9956,PH-1,U22-transfer-response,4,True,1,,{{PH-1: U22-transfer-response | rows=4}}
22,Multi-Document Communication Task,9986,PH-4,U22-multi-doc-applicant-reply,12,True,1,,{{PH-4: U22-multi-doc-applicant-reply | rows=12}}
22,Multi-Document Communication Task,9990,PH-3,U22-multi-doc-colleague-explanation,12,True,1,,{{PH-3: U22-multi-doc-colleague-explanation | rows=12}}
22,Multi-Document Communication Task,9994,PH-2,U22-multi-doc-internal-notice,10,True,1,,{{PH-2: U22-multi-doc-internal-notice | rows=10}}
22,Multi-Document Communication Task,10020,PH-3,U22-homework-document,8,True,1,,{{PH-3: U22-homework-document | rows=8}}
23,Portfolio Writing & Final Revision,10149,PH-3,U23-practice-a-email,6,True,1,,{{PH-3: U23-practice-a-email | rows=6}}
23,Portfolio Writing & Final Revision,10179,PH-2,U23-practice-b-paragraph,6,True,1,,{{PH-2: U23-practice-b-paragraph | rows=6}}
23,Portfolio Writing & Final Revision,10206,PH-2,U23-practice-c-message,6,True,1,,{{PH-2: U23-practice-c-message | rows=6}}
23,Portfolio Writing & Final Revision,10268,PH-3,U23-guided-document,10,True,1,,{{PH-3: U23-guided-document | rows=10}}
23,Portfolio Writing & Final Revision,10336,PH-4,U23-portfolio-external-email,12,True,1,,{{PH-4: U23-portfolio-external-email | rows=12}}
23,Portfolio Writing & Final Revision,10340,PH-3,U23-portfolio-internal-document,12,True,1,,{{PH-3: U23-portfolio-internal-document | rows=12}}
23,Portfolio Writing & Final Revision,10344,PH-3,U23-portfolio-report-paragraph,12,True,1,,{{PH-3: U23-portfolio-report-paragraph | rows=12}}
23,Portfolio Writing & Final Revision,10348,PH-4,U23-portfolio-new-document,12,True,1,,{{PH-4: U23-portfolio-new-document | rows=12}}
23,Portfolio Writing & Final Revision,10413,PH-2,U23-editing-rewrite,2,True,1,,{{PH-2: U23-editing-rewrite | rows=2}}
23,Portfolio Writing & Final Revision,10434,PH-1,U23-transfer-response,4,True,1,,{{PH-1: U23-transfer-response | rows=4}}
23,Portfolio Writing & Final Revision,10458,PH-3,U23-homework-document,8,True,1,,{{PH-3: U23-homework-document | rows=8}}
23,Portfolio Writing & Final Revision,10545,PH-2,M6-rebuild-lab,3,True,1,,{{PH-2: M6-rebuild-lab | rows=3}}
23,Portfolio Writing & Final Revision,10571,PH-2,M6-transfer-external,4,True,1,,{{PH-2: M6-transfer-external | rows=4}}
23,Portfolio Writing & Final Revision,10575,PH-2,M6-transfer-internal,4,True,1,,{{PH-2: M6-transfer-internal | rows=4}}
23,Portfolio Writing & Final Revision,10579,PH-1,M6-transfer-revision-note,4,True,1,,{{PH-1: M6-transfer-revision-note | rows=4}}
23,Portfolio Writing & Final Revision,10639,PH-2,M6-integrated-external,6,True,1,,{{PH-2: M6-integrated-external | rows=6}}
23,Portfolio Writing & Final Revision,10643,PH-2,M6-integrated-internal,6,True,1,,{{PH-2: M6-integrated-internal | rows=6}}
23,Portfolio Writing & Final Revision,10647,PH-1,M6-integrated-revision-note,6,True,1,,{{PH-1: M6-integrated-revision-note | rows=6}}
23,Portfolio Writing & Final Revision,10679,PH-3,M6-final-external,6,True,1,,{{PH-3: M6-final-external | rows=6}}
23,Portfolio Writing & Final Revision,10683,PH-3,M6-final-internal,6,True,1,,{{PH-3: M6-final-internal | rows=6}}
23,Portfolio Writing & Final Revision,10687,PH-1,M6-final-style-note,6,True,1,,{{PH-1: M6-final-style-note | rows=6}}
23,Portfolio Writing & Final Revision,10812,PH-5,M6-multidoc-workshop,6,True,1,,{{PH-5: M6-multidoc-workshop | rows=6}}
