unit,title,line,issue,previous_line,item
,,33,starts_lowercase; missing_terminal_punctuation,"By the end of this module, you should be able to:",write short sentences with a clear main message
,,39,starts_lowercase; missing_terminal_punctuation,Use this module in the same way each time:,read the example comparison and notice what changed
1,Clear Sentence Structure,51,starts_lowercase,"By the end of this unit, I will be able to:",write short clear sentences using basic subject-verb-object or subject-verb-complement patterns.
1,Clear Sentence Structure,52,starts_lowercase,- write short clear sentences using basic subject-verb-object or subject-verb-complement patterns.,rewrite long or indirect sentences in a simpler administrative style.
1,Clear Sentence Structure,53,starts_lowercase,- rewrite long or indirect sentences in a simpler administrative style.,write a short work-related message using clear sentence structure.
1,Clear Sentence Structure,109,missing_terminal_punctuation,The stronger version works because the reader can see the action immediately:,**send**
1,Clear Sentence Structure,153,starts_lowercase; missing_terminal_punctuation,Rewrite the word groups as clear SVO or SVC sentences.,application / our office / receive / yesterday
1,Clear Sentence Structure,179,starts_lowercase; missing_terminal_punctuation,Administrative readers often need to understand:,what happened
2,Professional Tone Basics,346,starts_lowercase,"By the end of this unit, I will be able to:",make a short request sound more polite and professional.
2,Professional Tone Basics,347,starts_lowercase,- make a short request sound more polite and professional.,rewrite direct or emotional wording in a neutral workplace style.
2,Professional Tone Basics,348,starts_lowercase,- rewrite direct or emotional wording in a neutral workplace style.,write a short professional email for a simple administrative situation.
2,Professional Tone Basics,399,starts_lowercase; missing_terminal_punctuation,The stronger version works because it:,reduces pressure on the reader
2,Professional Tone Basics,456,missing_terminal_punctuation,Professional tone is:,**Clear** (not too long or complicated)
2,Professional Tone Basics,476,starts_lowercase; missing_terminal_punctuation,"If a message sounds calm and clear, the reader can focus on:",what is needed
2,Professional Tone Basics,552,starts_lowercase; missing_terminal_punctuation,Try to improve all three areas:,tone
2,Professional Tone Basics,653,starts_lowercase; missing_terminal_punctuation,Write:,a direct version you should **not** send
2,Professional Tone Basics,658,starts_lowercase; missing_terminal_punctuation,Then note:,what changed
3,Paragraph Structure,718,starts_lowercase,"By the end of this unit, I will be able to:",identify the main parts of a paragraph.
3,Paragraph Structure,719,starts_lowercase,- identify the main parts of a paragraph.,organise sentences into a clear paragraph with logical flow.
3,Paragraph Structure,720,starts_lowercase,- organise sentences into a clear paragraph with logical flow.,"write a short administrative paragraph with topic, supporting detail, and closing."
3,Paragraph Structure,755,missing_terminal_punctuation,Start a new paragraph when:,The **topic changes**
3,Paragraph Structure,794,starts_lowercase; missing_terminal_punctuation,Paragraph B is weaker because the reader has to jump between different topics:,guidelines
3,Paragraph Structure,809,starts_lowercase; missing_terminal_punctuation,"In administrative writing, this matters because the reader often needs to know:",what the topic is
3,Paragraph Structure,838,missing_terminal_punctuation,Label each sentence:,**T** = Topic sentence
3,Paragraph Structure,870,missing_terminal_punctuation,"A paragraph should follow a clear, logical order:",Background ->Details ->Result
3,Paragraph Structure,886,starts_lowercase; missing_terminal_punctuation,Do not add every fact you know. Choose the facts that belong to the same paragraph job:,explaining a problem
3,Paragraph Structure,897,starts_lowercase; missing_terminal_punctuation,"Put these sentences in a logical order, then add **one more supporting sentence**. Build the paragraph so it moves from:",background check
3,Paragraph Structure,904,missing_terminal_punctuation,Mini support sentence example:,"""The missing forms affect the first documentation check and may delay the next review step."""
3,Paragraph Structure,1029,starts_lowercase; missing_terminal_punctuation,Turn it into a short paragraph for a report or internal summary by adding:,one topic sentence
3,Paragraph Structure,1150,starts_lowercase; missing_terminal_punctuation,"After writing, add three notes:",where you improved sentence clarity
3,Paragraph Structure,1211,starts_lowercase; missing_terminal_punctuation,Why this stronger version works:,each sentence has one clear job
3,Paragraph Structure,1243,starts_lowercase; missing_terminal_punctuation,Test one short message with the board:,identify the strongest sentence
3,Paragraph Structure,1251,starts_lowercase; missing_terminal_punctuation,"The early units matter because later modules depend on them. A weak sentence pattern in Module 1 often becomes a weak email, weak notice, or weak report line later. If the basic control layer is strong, later module tasks become easier to revise. Write one short note after revising:",which sentence became clearer
3,Paragraph Structure,1270,starts_lowercase; missing_terminal_punctuation,"By the end of this module, you should be able to:",organise a short professional email that is easy to scan
3,Paragraph Structure,1277,starts_lowercase; missing_terminal_punctuation,Use the module support actively:,compare the example versions before you draft
4,Email Layout and Standard Phrases,1289,starts_lowercase,"By the end of this unit, I will be able to:",identify the main parts of a professional email.
4,Email Layout and Standard Phrases,1290,starts_lowercase,- identify the main parts of a professional email.,"write a short, clear subject line for a workplace email."
4,Email Layout and Standard Phrases,1291,starts_lowercase,"- write a short, clear subject line for a workplace email.",write a simple professional email with an appropriate opening and closing.
4,Email Layout and Standard Phrases,1365,starts_lowercase; missing_terminal_punctuation,Email B is stronger because every part has a clear job:,the subject line names the topic
4,Email Layout and Standard Phrases,1374,starts_lowercase,It is weak because the reader still has to ask:,what part is unclear?
4,Email Layout and Standard Phrases,1393,missing_terminal_punctuation,A good subject line is:,Short
4,Email Layout and Standard Phrases,1453,missing_terminal_punctuation,- Thank you.,"Kind regards,"
4,Email Layout and Standard Phrases,1498,starts_lowercase; missing_terminal_punctuation,It tells the reader what kind of message this is:,a question
4,Email Layout and Standard Phrases,1542,missing_terminal_punctuation,Write your email:,**Subject line:**
4,Email Layout and Standard Phrases,1640,starts_lowercase; missing_terminal_punctuation,"For each situation below, write:",a clear subject line
5,Requesting Clarification,1693,starts_lowercase,"By the end of this unit, I will be able to:",write polite clarification questions about unclear or missing information.
5,Requesting Clarification,1694,starts_lowercase,- write polite clarification questions about unclear or missing information.,ask for specific details instead of writing a vague question.
5,Requesting Clarification,1695,starts_lowercase,- ask for specific details instead of writing a vague question.,write a short clarification email about one clear problem.
5,Requesting Clarification,1696,starts_lowercase,- write a short clarification email about one clear problem.,"explain, in a short paragraph, why clarification is needed in a workplace situation."
5,Requesting Clarification,1705,missing_terminal_punctuation,Read the sentences below. Identify what is **unclear** or **missing**.,"""The document is not correct."""
5,Requesting Clarification,1750,starts_lowercase; missing_terminal_punctuation,The stronger question works because it:,names the exact unclear point
5,Requesting Clarification,1788,starts_lowercase; missing_terminal_punctuation,Each stronger question should show:,what part is unclear
5,Requesting Clarification,1844,starts_lowercase; missing_terminal_punctuation,Clarification writing is easier to answer when the reader does not need to guess:,what is unclear
5,Requesting Clarification,1950,missing_terminal_punctuation,Write your email:,**Subject:**
5,Requesting Clarification,2045,starts_lowercase; missing_terminal_punctuation,Write:,one weak email that asks too many things
5,Requesting Clarification,2050,starts_lowercase; missing_terminal_punctuation,Then note:,what information you removed
5,Requesting Clarification,2067,missing_terminal_punctuation,Your paragraph should:,Describe the background
5,Requesting Clarification,2074,starts_lowercase; missing_terminal_punctuation,Useful paragraph order:,short background
6,Communicating Delays or Changes,2132,starts_lowercase,"By the end of this unit, I will be able to:",explain a delay or change using neutral professional language.
6,Communicating Delays or Changes,2133,starts_lowercase,- explain a delay or change using neutral professional language.,organise an update message in a clear order.
6,Communicating Delays or Changes,2134,starts_lowercase,- organise an update message in a clear order.,write a short update email about a delay or schedule change.
6,Communicating Delays or Changes,2135,starts_lowercase,- write a short update email about a delay or schedule change.,summarise a delay or change in a short report-style paragraph.
6,Communicating Delays or Changes,2144,missing_terminal_punctuation,Read each message and identify what information a reader would still need.,"""The review will be delayed."""
6,Communicating Delays or Changes,2190,starts_lowercase; missing_terminal_punctuation,The stronger version works because the reader learns:,what changed
6,Communicating Delays or Changes,2232,starts_lowercase; missing_terminal_punctuation,Try to replace vague updates with:,what changed
6,Communicating Delays or Changes,2268,missing_terminal_punctuation,A clear update message usually follows this pattern:,**Topic:** What is delayed or changed
6,Communicating Delays or Changes,2286,starts_lowercase; missing_terminal_punctuation,The paragraph moves in a useful order:,topic
6,Communicating Delays or Changes,2353,missing_terminal_punctuation,Write your email:,**Subject:**
6,Communicating Delays or Changes,2457,starts_lowercase; missing_terminal_punctuation,Choose one update message you wrote in this unit. Rewrite it as a short internal report paragraph by changing:,the audience
6,Communicating Delays or Changes,2480,missing_terminal_punctuation,Your paragraph should:,Describe the change or delay
7,Making Requests Politely,2527,starts_lowercase,"By the end of this unit, I will be able to:",choose a polite request structure for a workplace email.
7,Making Requests Politely,2528,starts_lowercase,- choose a polite request structure for a workplace email.,make a request more specific and useful by adding the necessary detail.
7,Making Requests Politely,2529,starts_lowercase,- make a request more specific and useful by adding the necessary detail.,soften a request without making it unclear.
7,Making Requests Politely,2530,starts_lowercase,- soften a request without making it unclear.,write a short professional email requesting information or action.
7,Making Requests Politely,2582,starts_lowercase; missing_terminal_punctuation,The stronger version works because it:,sounds cooperative rather than forceful
7,Making Requests Politely,2591,starts_lowercase; missing_terminal_punctuation,"Different request forms sound **more or less polite**. In administrative writing, the level of politeness depends on:",your relationship with the reader
7,Making Requests Politely,2644,starts_lowercase; missing_terminal_punctuation,Make each request stronger by adding:,the exact item or action
7,Making Requests Politely,2650,starts_lowercase; missing_terminal_punctuation,Mini request frame:,action needed
7,Making Requests Politely,2700,starts_lowercase; missing_terminal_punctuation,Specific requests are easier to answer because they name:,which document or information is needed
7,Making Requests Politely,2736,missing_terminal_punctuation,Administrative English avoids:,"Imperatives (Send, Tell, Check...)"
7,Making Requests Politely,2758,starts_lowercase; missing_terminal_punctuation,Good request writing balances:,clear action
7,Making Requests Politely,2803,missing_terminal_punctuation,Write your email:,**Subject:**
7,Making Requests Politely,2912,starts_lowercase; missing_terminal_punctuation,Write:,a safe standard version using `Could you...?`
7,Making Requests Politely,2917,starts_lowercase; missing_terminal_punctuation,Then decide:,which version is better for a colleague
7,Making Requests Politely,2937,missing_terminal_punctuation,Write a **neutral paragraph** (5-6 sentences) explaining:,What information is needed
7,Making Requests Politely,3041,starts_lowercase; missing_terminal_punctuation,Choose one workplace situation:,you need missing information
7,Making Requests Politely,3047,starts_lowercase; missing_terminal_punctuation,Write two short emails for the same situation:,one to an internal colleague
7,Making Requests Politely,3052,starts_lowercase; missing_terminal_punctuation,"After writing, add a note explaining:",what stayed the same in both emails
7,Making Requests Politely,3073,starts_lowercase; missing_terminal_punctuation,Module 2 asks you to control four linked decisions in every email:,what the reader needs to understand first
7,Making Requests Politely,3106,starts_lowercase; missing_terminal_punctuation,Why this email causes trouble for the reader:,the subject line gives almost no useful information
7,Making Requests Politely,3126,starts_lowercase; missing_terminal_punctuation,Why this stronger version works:,the subject line tells the reader the topic immediately
7,Making Requests Politely,3139,starts_lowercase; missing_terminal_punctuation,Choose one of these situations:,missing applicant information
7,Making Requests Politely,3145,starts_lowercase; missing_terminal_punctuation,Write a three-part email set:,a first email
7,Making Requests Politely,3199,starts_lowercase; missing_terminal_punctuation,"Before you finish an email task, write one short follow-up note:",what reply you expect
7,Making Requests Politely,3213,starts_lowercase; missing_terminal_punctuation,Take one short email from this module and test it against two readers:,an internal colleague who already knows the background
7,Making Requests Politely,3256,starts_lowercase; missing_terminal_punctuation,"By the end of this module, you should be able to:",write a simple procedure another person can follow
7,Making Requests Politely,3263,starts_lowercase; missing_terminal_punctuation,Work through the module with these habits:,compare weak and strong versions before drafting
8,Writing Simple Procedures,3275,starts_lowercase,"By the end of this unit, I will be able to:",write simple step-by-step instructions in a clear order.
8,Writing Simple Procedures,3276,starts_lowercase,- write simple step-by-step instructions in a clear order.,choose clear action verbs for procedure writing.
8,Writing Simple Procedures,3277,starts_lowercase,- choose clear action verbs for procedure writing.,write a short workplace procedure that another person can follow.
8,Writing Simple Procedures,3278,starts_lowercase,- write a short workplace procedure that another person can follow.,write a simple manual-style section for a routine office task.
8,Writing Simple Procedures,3288,missing_terminal_punctuation,It should:,Be clear and easy to follow
8,Writing Simple Procedures,3350,starts_lowercase; missing_terminal_punctuation,The reader can see:,what to do first
8,Writing Simple Procedures,3362,starts_lowercase; missing_terminal_punctuation,Procedures reduce reader error when:,the steps follow the real order
8,Writing Simple Procedures,3374,missing_terminal_punctuation,Common verbs used in procedures:,Check
8,Writing Simple Procedures,3386,starts_lowercase; missing_terminal_punctuation,Good procedure verbs are:,direct
8,Writing Simple Procedures,3577,starts_lowercase; missing_terminal_punctuation,Write a **short manual section** using this fixed format:,a short title (optional)
8,Writing Simple Procedures,3584,starts_lowercase; missing_terminal_punctuation,This means the task has **two clear parts**:,a short explanation
8,Writing Simple Procedures,3589,starts_lowercase; missing_terminal_punctuation,Your manual section should explain:,what the task is
8,Writing Simple Procedures,3639,starts_lowercase; missing_terminal_punctuation,Write:,one sentence explaining who the procedure is for
9,Internal Notices,3689,starts_lowercase,"By the end of this unit, I will be able to:",identify the main parts of an internal notice.
9,Internal Notices,3690,starts_lowercase,- identify the main parts of an internal notice.,write a short internal notice using neutral language.
9,Internal Notices,3691,starts_lowercase,- write a short internal notice using neutral language.,explain an internal update or change clearly for colleagues.
9,Internal Notices,3692,starts_lowercase,- explain an internal update or change clearly for colleagues.,write a short bulletin-style notice for internal communication.
9,Internal Notices,3701,missing_terminal_punctuation,An **internal notice** is a short message shared inside a department or organisation. It:,Provides important information
9,Internal Notices,3750,starts_lowercase; missing_terminal_punctuation,Notice B is stronger because it gives the reader a usable structure:,topic
9,Internal Notices,3757,starts_lowercase; missing_terminal_punctuation,Notice A feels weak because the reader still does not know:,what exactly happened
9,Internal Notices,3796,missing_terminal_punctuation,1. The application review will take place next Wednesday.,Internal Notice - Application Review
9,Internal Notices,3812,missing_terminal_punctuation,"Internal notices use **neutral, factual language**. Avoid:",Personal comments
9,Internal Notices,3851,starts_lowercase; missing_terminal_punctuation,Make each one more useful by adding:,the real topic
9,Internal Notices,3857,starts_lowercase; missing_terminal_punctuation,Mini notice frame:,heading or topic
9,Internal Notices,3895,missing_terminal_punctuation,Write your notice:,**Heading:**
9,Internal Notices,4023,starts_lowercase; missing_terminal_punctuation,Expand it into a longer bulletin-style paragraph by adding:,one background sentence
9,Internal Notices,4052,starts_lowercase; missing_terminal_punctuation,Strong bulletin sections usually move in this order:,topic
10,Explaining Problems Clearly,4106,starts_lowercase,"By the end of this unit, I will be able to:",explain a workplace problem in clear neutral language.
10,Explaining Problems Clearly,4107,starts_lowercase,- explain a workplace problem in clear neutral language.,include the main parts of a problem explanation in a logical way.
10,Explaining Problems Clearly,4108,starts_lowercase,- include the main parts of a problem explanation in a logical way.,write a short explanation of a problem or issue.
10,Explaining Problems Clearly,4109,starts_lowercase,- write a short explanation of a problem or issue.,write a report-style paragraph describing a problem and its effect.
10,Explaining Problems Clearly,4163,missing_terminal_punctuation,A weak explanation usually names only the problem:,*The system isn't working.*
10,Explaining Problems Clearly,4167,starts_lowercase; missing_terminal_punctuation,A stronger explanation helps the reader understand the full picture:,what was expected
10,Explaining Problems Clearly,4219,starts_lowercase; missing_terminal_punctuation,These phrases help because they separate different jobs:,issue
10,Explaining Problems Clearly,4234,starts_lowercase; missing_terminal_punctuation,Try to make the reader understand:,what the problem is
10,Explaining Problems Clearly,4273,starts_lowercase; missing_terminal_punctuation,Use them to give:,"one useful cause, fact, or example"
10,Explaining Problems Clearly,4446,missing_terminal_punctuation,Your paragraph should:,Present the background
11,Writing Simple Meeting Summaries,4493,starts_lowercase,"By the end of this unit, I will be able to:",identify the key information that belongs in a meeting summary.
11,Writing Simple Meeting Summaries,4494,starts_lowercase,- identify the key information that belongs in a meeting summary.,write a short meeting summary using clear neutral language.
11,Writing Simple Meeting Summaries,4495,starts_lowercase,- write a short meeting summary using clear neutral language.,record decisions and next steps from a meeting.
11,Writing Simple Meeting Summaries,4496,starts_lowercase,- record decisions and next steps from a meeting.,write a short report-style section summarizing a meeting.
11,Writing Simple Meeting Summaries,4505,missing_terminal_punctuation,A meeting summary is a **brief record** of important points from a meeting. It:,Highlights key information
11,Writing Simple Meeting Summaries,4556,starts_lowercase; missing_terminal_punctuation,Summary B is stronger because it groups the meeting content by function:,what the meeting was about
11,Writing Simple Meeting Summaries,4598,starts_lowercase; missing_terminal_punctuation,A stronger summary usually shows:,topic
11,Writing Simple Meeting Summaries,4756,starts_lowercase; missing_terminal_punctuation,Choose one summary you wrote in this unit. Rewrite it for a manager by making:,the key point more direct
11,Writing Simple Meeting Summaries,4784,starts_lowercase; missing_terminal_punctuation,"Before you write, decide which sentence will do each job:",open with the meeting purpose
11,Writing Simple Meeting Summaries,4902,starts_lowercase; missing_terminal_punctuation,Then write three reflection notes:,which part was hardest to organise
11,Writing Simple Meeting Summaries,4927,starts_lowercase; missing_terminal_punctuation,Module 3 teaches a simple but important workplace rule: the reader should not need to guess the order of information. Use this reminder:,procedures need sequence
11,Writing Simple Meeting Summaries,4960,starts_lowercase; missing_terminal_punctuation,Why the stronger version works:,the change is named clearly
11,Writing Simple Meeting Summaries,5022,starts_lowercase; missing_terminal_punctuation,Use the board to diagnose weak drafts:,"if the text feels repetitive, the order pattern may be missing"
11,Writing Simple Meeting Summaries,5036,missing_terminal_punctuation,Take one weak internal message and rebuild it in two passes.,Structure pass
11,Writing Simple Meeting Summaries,5067,starts_lowercase; missing_terminal_punctuation,Choose one:,procedure
11,Writing Simple Meeting Summaries,5074,starts_lowercase,Then complete:,the reader needs this document because ...
11,Writing Simple Meeting Summaries,5075,starts_lowercase,- the reader needs this document because ...,"after reading, the reader should be able to ..."
11,Writing Simple Meeting Summaries,5076,starts_lowercase,"- after reading, the reader should be able to ...",the most important sentence must appear by line ...
11,Writing Simple Meeting Summaries,5082,starts_lowercase,Use the matching path:,procedure:
11,Writing Simple Meeting Summaries,5083,starts_lowercase; missing_terminal_punctuation,- procedure:,start action
11,Writing Simple Meeting Summaries,5087,starts_lowercase; missing_terminal_punctuation,- notice:,changed fact
11,Writing Simple Meeting Summaries,5091,starts_lowercase; missing_terminal_punctuation,- problem explanation:,problem
11,Writing Simple Meeting Summaries,5096,starts_lowercase; missing_terminal_punctuation,- meeting summary:,meeting purpose
11,Writing Simple Meeting Summaries,5107,starts_lowercase; missing_terminal_punctuation,Add one sentence that makes the reader-use value visible:,what to check
11,Writing Simple Meeting Summaries,5121,missing_terminal_punctuation,- Weak notice:,"""The room will change next week."""
11,Writing Simple Meeting Summaries,5123,missing_terminal_punctuation,- Stronger notice:,"""The document check will move to Room 304 next week because Room 201 is under maintenance. Please bring all morning submissions to Room 304 from Monday to Friday."""
11,Writing Simple Meeting Summaries,5150,starts_lowercase; missing_terminal_punctuation,Why Ending B is stronger:,it gives a visible action
11,Writing Simple Meeting Summaries,5177,starts_lowercase; missing_terminal_punctuation,"By the end of this module, you should be able to:",write a clear external inquiry that asks answerable questions
11,Writing Simple Meeting Summaries,5184,starts_lowercase; missing_terminal_punctuation,Use this module carefully:,"notice how the example versions change for audience, not only for grammar"
12,Writing Simple External Inquiries,5196,starts_lowercase,"By the end of this unit, I will be able to:",write a short external inquiry email with a clear question.
12,Writing Simple External Inquiries,5197,starts_lowercase,- write a short external inquiry email with a clear question.,provide enough background for another office to understand my question.
12,Writing Simple External Inquiries,5198,starts_lowercase,- provide enough background for another office to understand my question.,use polite inquiry phrases in a professional way.
12,Writing Simple External Inquiries,5199,starts_lowercase,- use polite inquiry phrases in a professional way.,"explain, in a short paragraph, why an external inquiry is needed."
12,Writing Simple External Inquiries,5209,missing_terminal_punctuation,It should:,Be polite and professional
12,Writing Simple External Inquiries,5266,starts_lowercase; missing_terminal_punctuation,Email B works better because the outside reader gets:,enough background to identify the issue
12,Writing Simple External Inquiries,5325,starts_lowercase; missing_terminal_punctuation,An external inquiry often needs two jobs:,show the reader why you are asking
12,Writing Simple External Inquiries,5336,starts_lowercase; missing_terminal_punctuation,"For each one, make sure you:",add a short background clue
12,Writing Simple External Inquiries,5521,starts_lowercase; missing_terminal_punctuation,Choose one inquiry from this unit. Write a short internal note for your team explaining:,what is unclear
13,Providing Simple Explanations,5608,starts_lowercase,"By the end of this unit, I will be able to:",explain a process or issue in simple professional language.
13,Providing Simple Explanations,5609,starts_lowercase,- explain a process or issue in simple professional language.,add the right amount of background and reason information.
13,Providing Simple Explanations,5610,starts_lowercase,- add the right amount of background and reason information.,write a short explanatory text about a workplace issue.
13,Providing Simple Explanations,5611,starts_lowercase,- write a short explanatory text about a workplace issue.,write a report-style explanatory paragraph.
13,Providing Simple Explanations,5620,missing_terminal_punctuation,A simple explanation:,Gives the reader **background**
13,Providing Simple Explanations,5640,missing_terminal_punctuation,Read each explanation. Identify what is missing.,"""The schedule changed."""
13,Providing Simple Explanations,5685,starts_lowercase; missing_terminal_punctuation,The stronger version works because it gives:,the situation
13,Providing Simple Explanations,5706,starts_lowercase,- because...,due to...
13,Providing Simple Explanations,5707,starts_lowercase,- due to...,as a result of...
13,Providing Simple Explanations,5740,starts_lowercase; missing_terminal_punctuation,Build each answer so the reader can understand:,what happened
13,Providing Simple Explanations,5789,missing_terminal_punctuation,Try this pattern:,Background: what the reader needs to know first
13,Providing Simple Explanations,5828,missing_terminal_punctuation,Explain:,Background
13,Providing Simple Explanations,5948,starts_lowercase; missing_terminal_punctuation,"Before you write, decide:",who will read the report
14,Responding to Confusion,6004,starts_lowercase,"By the end of this unit, I will be able to:",acknowledge confusion politely in writing.
14,Responding to Confusion,6005,starts_lowercase,- acknowledge confusion politely in writing.,restate the correct information clearly.
14,Responding to Confusion,6006,starts_lowercase,- restate the correct information clearly.,write a short response that corrects a misunderstanding without blaming the reader.
14,Responding to Confusion,6007,starts_lowercase,- write a short response that corrects a misunderstanding without blaming the reader.,write a report-style paragraph describing a misunderstanding and its resolution.
14,Responding to Confusion,6016,missing_terminal_punctuation,"When someone is confused, your response should:",Acknowledge the confusion politely
14,Responding to Confusion,6035,missing_terminal_punctuation,Identify what the reader is confused about.,"""I thought the deadline was next Monday."""
14,Responding to Confusion,6062,starts_lowercase; missing_terminal_punctuation,The example response is stronger because it does three things in order:,acknowledges the question politely
14,Responding to Confusion,6074,starts_lowercase; missing_terminal_punctuation,"When someone is confused, the reader often needs both:",the correction
14,Responding to Confusion,6118,starts_lowercase; missing_terminal_punctuation,Aim for this order when possible:,acknowledge the confusion
14,Responding to Confusion,6195,missing_terminal_punctuation,Write a response that:,Acknowledges the confusion
14,Responding to Confusion,6285,starts_lowercase; missing_terminal_punctuation,Choose one misunderstanding from this unit. Write a short internal record explaining:,what the confusion was
15,Maintaining Consistent Email Style,6368,starts_lowercase,"By the end of this unit, I will be able to:","identify inconsistency in an email's tone, structure, or formatting."
15,Maintaining Consistent Email Style,6369,starts_lowercase,"- identify inconsistency in an email's tone, structure, or formatting.",rewrite an email to match a more consistent professional style.
15,Maintaining Consistent Email Style,6370,starts_lowercase,- rewrite an email to match a more consistent professional style.,write short emails that follow a standard structure.
15,Maintaining Consistent Email Style,6371,starts_lowercase,- write short emails that follow a standard structure.,explain why consistent email style matters for a team.
15,Maintaining Consistent Email Style,6380,missing_terminal_punctuation,Consistency means:,Using similar structures in similar situations
15,Maintaining Consistent Email Style,6387,missing_terminal_punctuation,Consistency helps:,Readers understand information quickly
15,Maintaining Consistent Email Style,6449,starts_lowercase; missing_terminal_punctuation,The consistent version is stronger because every part supports the same professional image:,clear subject line
15,Maintaining Consistent Email Style,6487,missing_terminal_punctuation,- Thank you.,"Kind regards,"
15,Maintaining Consistent Email Style,6520,missing_terminal_punctuation,Emails should use:,Clear paragraph breaks
15,Maintaining Consistent Email Style,6529,starts_lowercase; missing_terminal_punctuation,A reader can follow an email more easily when the message uses the same visible pattern each time:,clear subject line
15,Maintaining Consistent Email Style,6539,missing_terminal_punctuation,Mini comparison:,"Inconsistent layout makes the reader ask, ""Where is the main request?"""
15,Maintaining Consistent Email Style,6560,starts_lowercase; missing_terminal_punctuation,"When you rewrite it, decide:",what subject line is specific enough
15,Maintaining Consistent Email Style,6718,starts_lowercase; missing_terminal_punctuation,Try to include both:,one reason connected to reader confidence or speed
15,Maintaining Consistent Email Style,6725,starts_lowercase; missing_terminal_punctuation,Mini content frame:,why one stable style helps the reader
15,Maintaining Consistent Email Style,6827,starts_lowercase; missing_terminal_punctuation,Write:,one outward-facing message to the person or office involved
15,Maintaining Consistent Email Style,6832,starts_lowercase; missing_terminal_punctuation,Then add a note explaining:,how the audience changed your wording
15,Maintaining Consistent Email Style,6853,starts_lowercase,"Module 4 becomes stronger when you can explain not only what changed in the message, but why it changed. Use this audience map:",external office:
15,Maintaining Consistent Email Style,6854,starts_lowercase; missing_terminal_punctuation,- external office:,"needs a respectful, answerable question"
15,Maintaining Consistent Email Style,6857,starts_lowercase; missing_terminal_punctuation,- applicant or student:,often needs clearer explanation and less institutional shorthand
15,Maintaining Consistent Email Style,6860,starts_lowercase; missing_terminal_punctuation,- internal team:,"needs the practical effect, shared understanding, and next action"
15,Maintaining Consistent Email Style,6888,starts_lowercase; missing_terminal_punctuation,Why Version B works better:,it starts by keeping the relationship calm
15,Maintaining Consistent Email Style,6902,starts_lowercase; missing_terminal_punctuation,Choose one scenario:,an applicant is confused about required documents
15,Maintaining Consistent Email Style,6908,starts_lowercase; missing_terminal_punctuation,Write a three-part communication set:,one outward-facing message
15,Maintaining Consistent Email Style,6914,starts_lowercase; missing_terminal_punctuation,"After writing, explain:",what each reader needed most
15,Maintaining Consistent Email Style,6948,starts_lowercase; missing_terminal_punctuation,Use the grid to stop three common Module 4 problems:,giving too much background to the outside reader
15,Maintaining Consistent Email Style,6962,starts_lowercase; missing_terminal_punctuation,Choose one scenario:,a missing supporting document
15,Maintaining Consistent Email Style,6968,missing_terminal_punctuation,Write a two-stage rebuild:,First draft
15,Maintaining Consistent Email Style,7024,starts_lowercase; missing_terminal_punctuation,Now review the tone with this contrast:,blame language -> calm clarification
15,Maintaining Consistent Email Style,7038,missing_terminal_punctuation,- Weak:,"""You misunderstood the form. Please read the instructions again."""
15,Maintaining Consistent Email Style,7040,missing_terminal_punctuation,- Stronger:,"""Thank you for your message. To clarify the form process, the supporting document is uploaded after the main form is submitted. Please let us know if you would like us to confirm the next step in more detail."""
15,Maintaining Consistent Email Style,7065,starts_lowercase; missing_terminal_punctuation,Write three short openings:,to an external office
15,Maintaining Consistent Email Style,7071,starts_lowercase; missing_terminal_punctuation,"After writing, explain:",which opening gives the narrowest question
15,Maintaining Consistent Email Style,7102,starts_lowercase; missing_terminal_punctuation,"By the end of this module, you should be able to:",identify and correct common accuracy problems
15,Maintaining Consistent Email Style,7109,starts_lowercase; missing_terminal_punctuation,Use the module support in this order:,compare the weak and strong versions first
16,Editing for Accuracy,7121,starts_lowercase,"By the end of this unit, I will be able to:",identify basic grammar and accuracy problems in workplace writing.
16,Editing for Accuracy,7122,starts_lowercase,- identify basic grammar and accuracy problems in workplace writing.,correct common errors in short administrative texts.
16,Editing for Accuracy,7123,starts_lowercase,- correct common errors in short administrative texts.,revise a short email for more accurate language use.
16,Editing for Accuracy,7124,starts_lowercase,- revise a short email for more accurate language use.,edit a short paragraph for accuracy and clarity.
16,Editing for Accuracy,7133,missing_terminal_punctuation,"Accuracy refers to the **correct use of language**, including:",Grammar
16,Editing for Accuracy,7150,missing_terminal_punctuation,Correct the mistakes in each sentence.,*The applicant have submit the form yesterday.*
16,Editing for Accuracy,7203,starts_lowercase; missing_terminal_punctuation,Accuracy matters in administrative writing because errors can create:,confusion about time
16,Editing for Accuracy,7211,starts_lowercase; missing_terminal_punctuation,A small grammar error can become a workplace problem when it changes:,who must act
16,Editing for Accuracy,7248,starts_lowercase; missing_terminal_punctuation,"When you edit for accuracy, check one error family at a time:",verb form
16,Editing for Accuracy,7263,starts_lowercase; missing_terminal_punctuation,Work in a fixed order:,find the main grammar problem
17,Editing for Clarity,7493,starts_lowercase,"By the end of this unit, I will be able to:","identify vague, wordy, or poorly organized writing."
17,Editing for Clarity,7494,starts_lowercase,"- identify vague, wordy, or poorly organized writing.",rewrite sentences to make them clearer and more direct.
17,Editing for Clarity,7495,starts_lowercase,- rewrite sentences to make them clearer and more direct.,reorganize information for better logical flow.
17,Editing for Clarity,7496,starts_lowercase,- reorganize information for better logical flow.,revise a paragraph so it is easier to understand.
17,Editing for Clarity,7505,missing_terminal_punctuation,Clarity refers to how easily the reader can understand your message. Clear writing:,"Uses simple, direct language"
17,Editing for Clarity,7523,missing_terminal_punctuation,Identify the problems.,"""It looks like maybe there is something wrong with the form in some places."""
17,Editing for Clarity,7571,starts_lowercase; missing_terminal_punctuation,"Clarity editing is not only ""make it shorter."" It is also:",remove vague words
17,Editing for Clarity,7639,missing_terminal_punctuation,"Clear writing follows a **logical order**, often:",Background ->Main point ->Detail
17,Editing for Clarity,7655,starts_lowercase; missing_terminal_punctuation,"Rewrite the sentences in a clear, logical order. Look for a simple movement:",background or first action
17,Editing for Clarity,7786,starts_lowercase; missing_terminal_punctuation,Write:,the weak version
18,Editing for Tone,7853,starts_lowercase,"By the end of this unit, I will be able to:","identify tone problems such as directness, blame, or emotional language."
18,Editing for Tone,7854,starts_lowercase,"- identify tone problems such as directness, blame, or emotional language.",soften a message without making it unclear.
18,Editing for Tone,7855,starts_lowercase,- soften a message without making it unclear.,rewrite a short email in a more professional tone.
18,Editing for Tone,7856,starts_lowercase,- rewrite a short email in a more professional tone.,revise a paragraph so it sounds more neutral and appropriate.
18,Editing for Tone,7866,missing_terminal_punctuation,A professional tone is:,Polite
18,Editing for Tone,7873,missing_terminal_punctuation,A poor tone may be:,Too direct or abrupt
18,Editing for Tone,7890,missing_terminal_punctuation,Identify what makes the tone inappropriate.,"""You didn't do this correctly."""
18,Editing for Tone,7936,starts_lowercase; missing_terminal_punctuation,The stronger version works because it:,removes blame
18,Editing for Tone,7975,starts_lowercase; missing_terminal_punctuation,Try to soften the message by changing:,blame to neutral description
18,Editing for Tone,8032,starts_lowercase; missing_terminal_punctuation,"When revising for tone, try this order:",remove blame
18,Editing for Tone,8166,starts_lowercase; missing_terminal_punctuation,Take one message from this unit and write:,a version for a colleague
18,Editing for Tone,8171,starts_lowercase; missing_terminal_punctuation,Then explain:,what changed
18,Editing for Tone,8291,missing_terminal_punctuation,Take one earlier draft from Modules 1-4 and revise it three times.,Version 1: accuracy focus
18,Editing for Tone,8297,starts_lowercase; missing_terminal_punctuation,"After revising, write a short reflection:",which pass changed the text most
18,Editing for Tone,8322,starts_lowercase,Module 5 is not only about finding errors. It is about deciding what kind of revision the text needs first. Use this order when you edit:,accuracy:
18,Editing for Tone,8343,starts_lowercase; missing_terminal_punctuation,- [ ] Accuracy pass:,check whether each idea is factually and grammatically controlled
18,Editing for Tone,8345,starts_lowercase; missing_terminal_punctuation,- [ ] Clarity pass:,"separate the problem, effect, and action"
18,Editing for Tone,8347,starts_lowercase; missing_terminal_punctuation,- [ ] Tone pass:,remove blame and create a cooperative next step
18,Editing for Tone,8379,starts_lowercase; missing_terminal_punctuation,Take one draft from Modules 1-4 and one draft from Module 6 if you already have one. Write a short editing note for each draft:,the biggest accuracy problem
18,Editing for Tone,8412,starts_lowercase; missing_terminal_punctuation,Use the board on one earlier draft from Modules 1-4 and explain:,which problem you fixed first
18,Editing for Tone,8426,starts_lowercase; missing_terminal_punctuation,"Before you submit any later task, write a short memo:",one accuracy point to verify
18,Editing for Tone,8458,starts_lowercase; missing_terminal_punctuation,"By the end of this module, you should be able to:",produce connected documents for different readers from one scenario
18,Editing for Tone,8465,starts_lowercase; missing_terminal_punctuation,"When you use this module, do not skip the support layer:",compare the example versions before you draft
19,Integrated Task 1: Combined Email + Internal Explanation,8477,starts_lowercase,"By the end of this unit, I will be able to:",identify what different audiences need to know about the same situation.
19,Integrated Task 1: Combined Email + Internal Explanation,8478,starts_lowercase,- identify what different audiences need to know about the same situation.,write a polite external email about an issue.
19,Integrated Task 1: Combined Email + Internal Explanation,8479,starts_lowercase,- write a polite external email about an issue.,write a short internal explanation of the same issue.
19,Integrated Task 1: Combined Email + Internal Explanation,8480,starts_lowercase,- write a short internal explanation of the same issue.,adjust tone and detail when the audience changes.
19,Integrated Task 1: Combined Email + Internal Explanation,8535,starts_lowercase; missing_terminal_punctuation,The outside reader needs:,a polite clear question
19,Integrated Task 1: Combined Email + Internal Explanation,8540,starts_lowercase; missing_terminal_punctuation,The internal reader needs:,a factual explanation
19,Integrated Task 1: Combined Email + Internal Explanation,8545,starts_lowercase; missing_terminal_punctuation,Good multi-document writing keeps the same facts but changes:,tone
19,Integrated Task 1: Combined Email + Internal Explanation,8723,missing_terminal_punctuation,Choose one scenario and write **both**:,A short external inquiry email (4-5 sentences)
19,Integrated Task 1: Combined Email + Internal Explanation,8797,missing_terminal_punctuation,Write:,One external-style email (6-8 sentences)
19,Integrated Task 1: Combined Email + Internal Explanation,8802,missing_terminal_punctuation,Each should:,Use accurate grammar
20,Integrated Task 2: Revision + Notice Writing,8857,starts_lowercase,"By the end of this unit, I will be able to:",write a polite revision or correction message to another office.
20,Integrated Task 2: Revision + Notice Writing,8858,starts_lowercase,- write a polite revision or correction message to another office.,write a short internal notice about the same correction.
20,Integrated Task 2: Revision + Notice Writing,8859,starts_lowercase,- write a short internal notice about the same correction.,explain a corrected detail clearly and concisely.
20,Integrated Task 2: Revision + Notice Writing,8860,starts_lowercase,- explain a corrected detail clearly and concisely.,adapt the same information for external and internal audiences.
20,Integrated Task 2: Revision + Notice Writing,8882,starts_lowercase; missing_terminal_punctuation,Document-control check:,shared fact: `Document Verification - Stage 2` is `27 May`
20,Integrated Task 2: Revision + Notice Writing,8926,starts_lowercase; missing_terminal_punctuation,Revision writing becomes trustworthy when:,the corrected detail stays the same everywhere
20,Integrated Task 2: Revision + Notice Writing,9094,missing_terminal_punctuation,Choose one and write both texts:,A revision/clarification message (4-5 sentences)
20,Integrated Task 2: Revision + Notice Writing,9148,starts_lowercase; missing_terminal_punctuation,Write a short `3-4` line correction log for one scenario in this unit:,original incorrect detail
20,Integrated Task 2: Revision + Notice Writing,9168,missing_terminal_punctuation,Write:,One external-style revision message (6-8 sentences)
20,Integrated Task 2: Revision + Notice Writing,9173,missing_terminal_punctuation,each using:,Accurate grammar
21,Writing for Consistency Across a Team,9231,starts_lowercase,"By the end of this unit, I will be able to:",identify inconsistency across related team messages.
21,Writing for Consistency Across a Team,9232,starts_lowercase,- identify inconsistency across related team messages.,rewrite short messages so they follow a shared team standard.
21,Writing for Consistency Across a Team,9233,starts_lowercase,- rewrite short messages so they follow a shared team standard.,explain simple team writing rules.
21,Writing for Consistency Across a Team,9234,starts_lowercase,- explain simple team writing rules.,revise a set of related messages into one professional style.
21,Writing for Consistency Across a Team,9243,missing_terminal_punctuation,"When multiple team members write emails and notices, inconsistency can cause:",Confusion for external offices
21,Writing for Consistency Across a Team,9250,missing_terminal_punctuation,Clear team standards help:,Maintain a professional image
21,Writing for Consistency Across a Team,9304,starts_lowercase; missing_terminal_punctuation,"If one team sends very different styles of email, readers may feel:",unsure which message is correct
21,Writing for Consistency Across a Team,9310,starts_lowercase; missing_terminal_punctuation,Consistency helps because the reader can recognize the team's style quickly:,standard subject line
21,Writing for Consistency Across a Team,9336,missing_terminal_punctuation,- Please let us know if you need further information.,"Kind regards,"
21,Writing for Consistency Across a Team,9389,starts_lowercase; missing_terminal_punctuation,"Rewrite the email with correct formatting, tone, and clarity. Use one shared team pattern:",clear subject line
21,Writing for Consistency Across a Team,9399,missing_terminal_punctuation,Mini standard:,Subject: clear topic
21,Writing for Consistency Across a Team,9473,starts_lowercase; missing_terminal_punctuation,"For each pair, make sure both messages show:",the same level of formality
21,Writing for Consistency Across a Team,9480,starts_lowercase; missing_terminal_punctuation,Use this quick rewrite plan:,decide the shared opening pattern
21,Writing for Consistency Across a Team,9528,starts_lowercase; missing_terminal_punctuation,Write:,the rule in one short sentence
21,Writing for Consistency Across a Team,9535,missing_terminal_punctuation,- Rule: Put the purpose sentence in line 1 or line 2.,"Use: ""We are writing to confirm the updated schedule."""
22,Multi-Document Communication Task,9617,starts_lowercase,"By the end of this unit, I will be able to:",decide what different readers need from the same situation.
22,Multi-Document Communication Task,9618,starts_lowercase,- decide what different readers need from the same situation.,"write an applicant reply, a colleague explanation, and an internal notice about one issue."
22,Multi-Document Communication Task,9619,starts_lowercase,"- write an applicant reply, a colleague explanation, and an internal notice about one issue.","adapt tone, detail, and structure across three related documents."
22,Multi-Document Communication Task,9620,starts_lowercase,"- adapt tone, detail, and structure across three related documents.",keep multiple related messages clear and consistent.
22,Multi-Document Communication Task,9676,starts_lowercase; missing_terminal_punctuation,That means you must control:,what stays the same
22,Multi-Document Communication Task,9806,starts_lowercase; missing_terminal_punctuation,Think about what the wider team needs most:,the corrected fact
22,Multi-Document Communication Task,9812,starts_lowercase; missing_terminal_punctuation,You can use this pattern:,topic or heading
22,Multi-Document Communication Task,9818,missing_terminal_punctuation,Mini notice example:,Schedule Correction: Stage 2 Review Date
22,Multi-Document Communication Task,9860,starts_lowercase; missing_terminal_punctuation,"In a three-document task, the biggest risk is not grammar. It is overlap. One message starts doing another message's job. Use this quick test:","if a sentence helps only the applicant, keep it out of the team notice"
22,Multi-Document Communication Task,9872,missing_terminal_punctuation,Choose **one** of the scenarios below and write all three documents:,Applicant reply (5-6 sentences)
22,Multi-Document Communication Task,9946,starts_lowercase; missing_terminal_punctuation,Safer final check:,keep the shared fact language stable
22,Multi-Document Communication Task,9965,missing_terminal_punctuation,"From the original scenario (missing applicant document), write a polished communication set:",**Applicant email (8-10 sentences)**
22,Multi-Document Communication Task,9971,missing_terminal_punctuation,All three must:,Use accurate grammar
23,Portfolio Writing & Final Revision,10028,starts_lowercase,"By the end of this unit, I will be able to:",revise earlier writing to a higher standard.
23,Portfolio Writing & Final Revision,10029,starts_lowercase,- revise earlier writing to a higher standard.,choose portfolio pieces that show different administrative writing skills.
23,Portfolio Writing & Final Revision,10030,starts_lowercase,- choose portfolio pieces that show different administrative writing skills.,produce a new final document that matches the portfolio standard.
23,Portfolio Writing & Final Revision,10031,starts_lowercase,- produce a new final document that matches the portfolio standard.,"review my writing for accuracy, clarity, tone, coherence, and conciseness."
23,Portfolio Writing & Final Revision,10042,missing_terminal_punctuation,"In this unit, your portfolio will contain:",**One external-style email** (revised and final)
23,Portfolio Writing & Final Revision,10049,missing_terminal_punctuation,Your final submission should show:,Clear structure
23,Portfolio Writing & Final Revision,10065,missing_terminal_punctuation,Choose **three drafts** you want to improve:,One email (internal or external)
23,Portfolio Writing & Final Revision,10083,starts_lowercase; missing_terminal_punctuation,It should show that you can:,notice problems
23,Portfolio Writing & Final Revision,10159,starts_lowercase; missing_terminal_punctuation,"Before revising, mark:",one sentence that is too vague
23,Portfolio Writing & Final Revision,10167,starts_lowercase; missing_terminal_punctuation,Revision focus:,make the main point easier to find
23,Portfolio Writing & Final Revision,10187,starts_lowercase; missing_terminal_punctuation,Rewrite it clearly and professionally. Choose one short text with a clear internal or external audience. Use this quick editing routine:,identify the audience
23,Portfolio Writing & Final Revision,10255,missing_terminal_punctuation,Choose ONE:,"A clear update email to a colleague, supervisor, or applicant (6-8 sentences)"
23,Portfolio Writing & Final Revision,10277,missing_terminal_punctuation,Your final portfolio should contain **four items**:,One external-style email (revised)
23,Portfolio Writing & Final Revision,10284,missing_terminal_punctuation,Each item must:,Use accurate grammar
23,Portfolio Writing & Final Revision,10291,starts_lowercase; missing_terminal_punctuation,"Before you submit, confirm that the four items show a useful range of skills:",at least one external-facing document
23,Portfolio Writing & Final Revision,10305,starts_lowercase; missing_terminal_punctuation,Portfolio quality reminder:,"the set should show range, not repetition"
23,Portfolio Writing & Final Revision,10378,missing_terminal_punctuation,Use this rubric to check your final portfolio. Mark each criterion as:,`Ready`
23,Portfolio Writing & Final Revision,10562,starts_lowercase; missing_terminal_punctuation,"After writing, complete these reflection prompts:",what changed most across the audiences
23,Portfolio Writing & Final Revision,10596,starts_lowercase; missing_terminal_punctuation,Use the grid to stop three common problems:,giving the same message to every reader
23,Portfolio Writing & Final Revision,10614,starts_lowercase; missing_terminal_punctuation,1. External message:,thank the reader
23,Portfolio Writing & Final Revision,10619,starts_lowercase; missing_terminal_punctuation,2. Internal message:,explain the same fact neutrally
23,Portfolio Writing & Final Revision,10623,starts_lowercase; missing_terminal_punctuation,3. Revision note:,explain why the two texts cannot stay the same
23,Portfolio Writing & Final Revision,10629,missing_terminal_punctuation,Why this lab matters:,Unit 19 teaches the two-document split
23,Portfolio Writing & Final Revision,10724,starts_lowercase; missing_terminal_punctuation,"- If the set feels repetitive, keep the shared fact but change the reader-facing function:",request
23,Portfolio Writing & Final Revision,10762,starts_lowercase,Now rewrite the pack so each document starts with the reader's most urgent need:,external message:
23,Portfolio Writing & Final Revision,10763,starts_lowercase; missing_terminal_punctuation,- external message:,issue
23,Portfolio Writing & Final Revision,10767,starts_lowercase; missing_terminal_punctuation,- internal explanation:,event
23,Portfolio Writing & Final Revision,10771,starts_lowercase; missing_terminal_punctuation,- internal notice:,corrected fact
23,Portfolio Writing & Final Revision,10775,starts_lowercase; missing_terminal_punctuation,- revision note:,what changed
23,Portfolio Writing & Final Revision,10797,starts_lowercase; missing_terminal_punctuation,- Weak pack:,"every document repeats ""There is a problem with the file"" and changes only the greeting"
23,Portfolio Writing & Final Revision,10799,starts_lowercase; missing_terminal_punctuation,- Stronger pack:,the external message requests the corrected file
23,Portfolio Writing & Final Revision,10821,missing_terminal_punctuation,"Before final submission, move one portfolio item through this ladder:",Draft stage
